Date,Close_AAPL,Close_TLT,High_AAPL,High_TLT,Low_AAPL,Low_TLT,Open_AAPL,Open_TLT,Volume_AAPL,Volume_TLT
2020/1/2,72.71605682373047,120.1529312133789,72.77658292273667,120.60895661360287,71.46679725362982,119.85476642075616,71.72100391407992,119.95999790487721,135480400,11034100
2020/1/3,72.00911712646484,122.0032730102539,72.77174458511139,122.03835907696009,71.7839617851537,120.9158458078085,71.94132818321717,121.25786136041853,146322800,12366000
2020/1/6,72.58290100097656,121.31048583984375,72.62163859417052,122.52070098174623,70.87606782262263,121.15262529109293,71.12785848416316,122.50315794712621,118387200,11369800
2020/1/7,72.24154663085938,120.7141342163086,72.84922374466596,121.43325138727293,72.02123070618616,120.70536939035063,72.59259363206662,121.21401030560045,108872000,8381200
2020/1/8,73.4036636352539,119.91613006591797,73.70629425897245,121.29295736705434,71.9437738019734,119.54780658316652,71.9437738019734,120.95970657633892,132079200,10621700
2020/1/9,74.96281433105469,120.33704376220703,75.15649496744561,120.52997698103795,74.13239770457567,119.18822265643156,74.38418105419532,119.26714623284055,170108400,7411500
2020/1/10,75.13226318359375,121.40692901611328,75.69879404161257,121.43323687225629,74.62868922900458,120.696590137428,75.19763610714092,120.73166281848131,140644800,8776000
2020/1/13,76.7374038696289,121.0386734008789,76.76403919399131,121.1000539724334,75.33077798259308,120.48618134979066,75.44941415548828,120.91589887635035,121532000,5966900
2020/1/14,75.70120239257812,121.66129302978516,76.88509646087522,121.74023001224735,75.57773417210761,121.14388713660266,76.67446681398555,121.17895983214994,161954400,13920300
2020/1/15,75.37677001953125,122.46808624267578,76.38392503657866,122.56455287227885,74.94340114945155,121.9156077107821,75.5002456065532,122.35408995781124,121923600,6290500
2020/1/16,76.32098388671875,122.08222198486328,76.43235722338372,122.36284363906289,75.55835655241987,121.67004763968872,75.92151312955643,122.12605950043994,108829200,6798600
2020/1/17,77.16593933105469,121.0386734008789,77.16835535095495,121.14390488435492,76.26288724448004,120.45987347892165,76.57035717765905,120.65280678624073,137816400,9693100
2020/1/21,76.64300537109375,122.3101806640625,77.23615682397768,122.46802777455456,76.50500406521856,121.69630848757696,76.79310894375465,121.73138116277191,110843200,6794900
2020/1/22,76.91658020019531,122.73995971679688,77.47099402402007,122.89780690681506,76.82215592624772,122.41547374606522,77.1296258918447,122.52948341535607,101832400,6317000
2020/1/23,77.28700256347656,123.59940338134766,77.3668937772688,123.98526997920555,76.42026453610515,123.4590858218686,76.96984634011159,123.5204797721728,104472000,9747400
2020/1/24,77.06425476074219,124.59912109375,78.27961624864055,125.01129549027229,76.87299020657808,123.91508983599317,77.53393791090298,124.02032129675064,146537600,8585000
2020/1/27,74.79816436767578,126.5371322631836,75.48089322464955,126.5371322631836,73.81279759380895,125.84433657681758,75.06689673049003,126.2389677086164,161940000,10935200
2020/1/28,76.9141616821289,125.5462417602539,77.08605376922371,126.36181232690792,75.58258723533865,125.24807704006317,75.6818509443487,126.22149479455355,162234000,10612900
2020/1/29,78.52416229248047,126.77397155761719,79.37395133976464,126.89674603839414,77.80753513570895,125.78299750329364,78.5507976259598,125.79177571140151,216229200,9566800
2020/1/30,78.4103775024414,126.79154205322266,78.46364078408652,127.74743024497279,77.17080373518314,126.5372148284781,77.60417282727558,127.07216376374134,126743200,14711800
2020/1/31,74.93374633789062,127.9491195678711,78.12225762194025,128.0280565454438,74.63837863048332,127.2387804396342,77.69857485901245,127.30893920780062,199588400,14538100
2020/2/3,74.72795104980469,127.84545135498047,75.89731214570682,128.0387051453949,73.16879799630816,126.59809451008115,73.67237193822604,127.3271859187088,173788400,15309000
2020/2/4,77.19499969482422,126.12371063232422,77.38626426505087,126.61562433293827,75.93121426303615,125.66692788019272,76.33794793595989,126.48386652157488,136616400,11388300
2020/2/5,77.824462890625,124.74462127685547,78.62582786926725,125.35073420244386,77.21920188630669,124.64799438431751,78.32561338698618,124.99937099520427,118826800,10782600
2020/2/6,78.73477935791016,125.30680847167969,78.73720276650342,125.50885504611638,77.53636686633509,124.73583991802077,78.09562750675829,124.89394933768745,105425600,6683100
2020/2/7,77.6645736694336,126.87041473388672,78.48240085764334,127.14273666637114,77.1719355094332,126.37850082326125,78.23244174012544,126.68595371922656,117684000,11374800
2020/2/10,78.03343963623047,127.22179412841797,78.03343963623047,127.59072956933721,76.1648155367922,127.09002285431527,76.24489635857795,127.45897169888359,109348800,6699300
2020/2/11,77.56266021728516,126.58052825927734,78.60375558460609,127.12514523448684,77.34425051799536,126.43997761933723,78.53095482016886,127.01094616407966,94323200,7784100
2020/2/12,79.40457153320312,125.93925476074219,79.409422447038,126.09737756120875,78.01401820106558,125.60546378845953,78.01401820106558,125.93925476074219,113730400,5595500
2020/2/13,78.83911895751953,126.42239379882812,79.16673706133996,126.6683506942549,78.4702495744921,125.85142530665429,78.6740990287421,126.00075532147444,94747600,7883400
2020/2/14,78.8585433959961,126.97579956054688,79.10850246780329,127.44136176979316,78.34891601878451,126.88795207049677,78.80757547409223,127.16026052454893,80113600,7137400
2020/2/18,77.41461181640625,127.84545135498047,77.59662109183667,128.29345487078103,76.34924730268484,127.30083434762025,76.53125657811528,127.66976974650758,152531200,6909200
2020/2/19,78.53580474853516,127.83668518066406,78.76635284298499,127.91573990210183,77.65730764080503,127.35355065468501,77.65730764080503,127.47652913369342,93984000,5707700
2020/2/20,77.73011016845703,128.83802795410156,78.78576569935353,129.07520541668652,77.22291175513422,128.24948739435914,78.29555659989744,128.31976269451923,100566000,9332900
2020/2/21,75.97065734863281,130.04151916503906,77.76648785830864,130.779403447007,75.35182886622782,129.69893529984463,77.32238114469776,129.83070657331882,129554000,13860300
2020/2/24,72.36201477050781,131.98284912109375,73.81808861613008,132.60653437228373,70.19004239437265,131.76324371490225,72.13875426152481,132.49233527189605,222195200,15929300
2020/2/25,69.91096496582031,132.6855926513672,73.4176795737371,133.30926451559196,69.43774534651452,131.88622573456863,73.03425000192122,131.94772168369957,230673600,20802900
2020/2/26,71.02001953,131.98284912109375,72.28923357582319,133.27412998179182,69.5275449173606,131.39430824093856,69.53482499231708,131.7193199529339,198054800,22589500
2020/2/27,66.3775863647461,133.4146270751953,69.40622427185191,134.46872992082422,66.24168665795082,132.49228205890319,68.21709813440401,134.1349255483112,320605600,30687900
2020/2/28,66.33876037597656,136.42764282226562,67.56429436979359,137.01618362660088,62.21564451650338,135.41746344538316,62.43163248715633,135.67219978614227,426510000,44935200
2020/3/2,72.51493072509766,135.4238739013672,73.15317785016722,137.67595121112794,67.39683013967526,135.26551758432234,68.5034460821462,136.62029165010753,341397200,28152400
2020/3/3,70.21189880371094,137.52642822265625,73.77442519005979,140.4910759944605,69.3576638774749,134.03394385287464,73.69434436871329,135.30953330397057,319475600,38608000
2020/3/4,73.46863555908203,136.06605529785156,73.62880458228122,138.42370779763118,71.13649400429283,135.64379418723382,71.93976087414214,137.59677028106904,219178400,23463700
2020/3/5,71.0855484008789,139.4530487060547,72.69450423193115,139.71696707005398,70.7191006767236,137.9487234276707,71.71650798671432,138.2302399288554,187572800,17786200
2020/3/6,70.14151763916016,146.7107391357422,70.5759151634938,148.96281759340883,68.24862422437134,144.37068341004783,68.43548440571074,147.17698912470695,226176800,76288300
2020/3/9,64.5938949584961,150.68699645996094,67.48662548846899,158.08543327315877,63.8245990046388,149.85126645594596,64.00660831738968,157.55761015541077,286744800,41552800
2020/3/10,69.24603271484375,142.9630584716797,69.5129811258908,152.12972426366616,65.37044835521063,142.5407973210928,67.25606913589775,149.23545610518036,285290000,37728300
2020/3/11,66.84107208251953,137.70237731933594,68.24618550081415,146.93942435906456,65.97470631539656,136.9106357995936,67.31672823268998,145.5318689645858,255598800,29519300
2020/3/12,60.24021911621094,138.5557098388672,65.52334303397203,146.3500188784866,60.184403971944676,136.93703048205862,62.11127620771815,143.8428149501202,418474000,24361800
2020/3/13,67.45748901367188,135.4238739013672,67.93071607578169,139.1714700411935,61.38565875889742,133.8843664597092,64.28325061879912,136.35637340399254,370732000,19812900
2020/3/16,58.779293060302734,144.19473266601562,62.873283657436204,146.16529447312791,58.242970742071286,138.8284418374783,58.71619413875295,141.08932592500082,322423600,30496700
2020/3/17,61.36381149291992,134.57940673828125,62.516533028751404,145.70785996678435,57.85467155764232,134.3418922769099,60.06547737431807,143.834054230843,324056000,18570900
2020/3/18,59.86164093017578,126.98736572265625,60.66976261253334,135.59980358398184,57.54405525777932,122.2896589203129,58.18715696326524,134.45616689541978,300233600,47061000
2020/3/19,59.40297317504883,130.44464111328125,61.35896558109421,134.99278355498834,58.87636011980493,127.77909547939333,60.036365596883776,129.2746140498864,271857200,21175300
2020/3/20,55.63174819946289,140.2534637451172,61.11386719257989,140.2534637451172,55.330824836574074,133.81393361322347,59.98540735898822,134.86080040077823,401693200,20863100
2020/3/23,54.44989776611328,146.0332489013672,55.45216343682044,146.64025672226134,51.59599344484774,137.73751114497904,55.350238679238295,138.55564278292368,336752800,19971800
2020/3/24,59.912601470947266,143.3149871826172,60.109170897229895,145.54946693869815,56.859698759909456,141.1156902708102,57.35961698057595,141.854650811551,287531200,11948600
2020/3/25,59.582557678222656,142.98947143554688,62.67186075528643,146.63150631263224,59.28648895944169,142.1801318432437,60.851767993758266,143.91317875422664,303602000,10750600
2020/3/26,62.717952728271484,143.69325256347656,62.77619331035084,145.75179114751427,59.7863903670256,142.75196051287156,59.825219890403275,144.2738701405464,252087200,10576200
2020/3/27,60.12129592895508,147.52883911132812,62.094273652565946,148.0126871328553,59.95384682888378,144.79291312426747,61.33711636840459,145.61105858311223,204216800,12550000
2020/3/30,61.83704376220703,146.31483459472656,62.0093475048291,149.64896287969387,60.52414930589501,145.98053716131247,60.849342024154396,148.05667402844188,167976400,13473200
2020/3/31,61.71084976196289,145.12718200683594,63.700817094858024,146.84263063341206,61.15511640489983,144.76649415053404,62.0287624061651,145.76937284172016,197002000,11464800
2020/4/1,58.46379470825195,147.16049194335938,60.3591169738146,148.852003748435,58.0318264145662,146.5966591559455,59.82036933508518,148.42911907574907,176218400,11334700
2020/4/2,59.43937301635742,148.09434509277344,59.49276269917482,149.0810490628188,57.49066070248686,147.35430367240605,58.32547715782636,148.7374636844756,165934000,5771200
2020/4/3,58.585140228271484,148.4467315673828,59.626231543601605,150.05894397439997,57.99300285608874,148.12957480792315,58.9224639013772,148.49078373119195,129880000,6570800
2020/4/6,63.695953369140625,148.05911254882812,63.85126406814097,148.24412628282886,60.519286350194704,146.71119951327958,60.888155740548534,147.12526570776413,201820400,9434800
2020/4/7,62.95821762084961,146.5085906982422,65.93589399470639,146.61430516118384,62.853867417629125,144.22683058751107,65.71747694762487,145.32806771927352,202887200,13811400
2020/4/8,64.56961822509766,145.4425811767578,64.88509803559353,146.4116751894444,63.395052482452144,144.5968386228091,63.76149282104844,145.46020473412543,168895200,10147100
2020/4/9,65.0355453491211,145.7068634033203,65.54032183594127,146.05925385166842,64.23713674062121,144.28846966804323,65.20785277807086,144.72896444989533,161834800,14259100
2020/4/13,66.31204223632812,144.37655639648438,66.42125075775364,145.98876871461232,64.51136064871955,144.37655639648438,65.11320728466447,145.1430129217396,131022800,8750300
2020/4/14,69.66101837158203,144.34133911132812,69.95223619410436,145.13423785149112,67.47690692059525,144.02418230382992,67.9501340306998,144.34133911132812,194994800,9019100
2020/4/15,69.02517700195312,148.16482543945312,69.48626555936471,148.534852903555,68.10299988712995,146.89621169918004,68.53253899378625,146.94906892467043,131154400,10027800
2020/4/16,69.57364654541016,149.84759521484375,69.94009422345636,150.05023260632086,68.5204205220071,148.90494284635824,69.7410956561746,149.11637185612022,157125200,8265400
2020/4/17,68.6296157836914,147.83885192871094,69.636739522461,150.50824914814797,67.18810198275611,147.363123493978,69.08828263215949,149.60964950000425,215250000,8612100
2020/4/20,67.2051010131836,149.02821350097656,68.35782638874939,149.14273301517906,67.18568994969831,147.97102860187732,67.45263835997193,148.39389987294996,130015200,6462600
2020/4/21,65.12775421142578,150.90467834472656,67.28274465717786,151.6623298163136,64.4142774447653,150.4553785605699,67.04734575925282,151.4685110601286,180991600,7850700
2020/4/22,67.0036849975586,149.36297607421875,67.4405043108994,150.11182263744865,66.05723821466911,148.63176651043156,66.39940914673265,149.7418086056944,116862400,6230200
2020/4/23,66.74401092529297,150.15585327148438,68.37481424450658,150.5875295252005,66.7051813931717,149.42463036973774,66.94786041444767,149.65368280144764,124814400,5968600
2020/4/24,68.67086791992188,150.5082550048828,68.68057715232159,150.5082550048828,67.22207418369496,149.3894079291367,67.27061293971914,149.42464159711133,126161200,6211800
2020/4/27,68.71942138671875,147.70672607421875,69.05189045933044,149.54799119311423,67.93799464568525,147.51290727824713,68.38694490813113,149.46870535189905,117087600,9039500
2020/4/28,67.60552978515625,149.40707397460938,69.36495298340253,149.63613995211819,67.51331796268283,148.40274602592035,69.18294368703222,148.49085039309128,112004800,9905400
2020/4/29,69.8260269165039,148.6317138671875,70.29682473918272,149.9972365568575,68.89414050420481,147.9709718781871,69.0979899625851,149.3541181182229,137280800,8619600
2020/4/30,71.2990951538086,146.89622497558594,71.47625350962926,149.08988068870607,69.97649890054853,146.86979636045214,70.36720857906009,148.6582043462968,183064000,11606100
2020/5/1,70.1512222290039,148.15414428710938,72.56102298757865,148.29528871148185,69.3697955313602,146.8221291153112,69.46686565282405,147.7571873713008,240616800,10209400
2020/5/4,71.14378356933594,147.45724487304688,71.27240315582554,147.91594399748155,69.48385993378157,146.85738788377427,70.17549663342325,147.8100924241922,133568000,8300900
2020/5/5,72.2115707397461,146.51341247558594,73.04638718577591,146.67220335612112,71.45926427424553,145.79007068283522,71.60487317175793,146.05471317687628,147751200,7831800
2020/5/6,72.95661163330078,144.14926147460938,73.59000046531965,144.35214816161798,72.52949409062046,142.94956084922683,72.91535293184648,143.99047064022733,142333600,14721500
2020/5/7,73.7113265991211,146.5574493408203,74.05836324243135,146.7603359864881,73.28178737986006,144.08747638476103,73.58513616899319,144.28154655375445,115215200,9164800
2020/5/8,75.46578216552734,144.65200805664062,75.51931637355732,145.90463393739736,74.04470105585122,144.38736575275868,74.3732060857613,145.10190401131996,133838400,8129800
2020/5/11,76.65325927734375,143.52293395996094,77.14965926401848,144.86377893173233,74.7625342106639,142.99366261392848,74.97180698726206,144.36978695799334,145946400,8713500
2020/5/12,75.77723693847656,144.99606323242188,77.79205798459127,145.49005510337113,75.655568982972,143.90222793539678,77.33944932858249,143.92869082417843,162301200,10057300
2020/5/13,74.86230469,146.01055908203125,76.88199755928032,146.68979134079913,73.78189245874619,145.4018855704486,75.95731647939719,145.63123514948126,200622400,13305600
2020/5/14,75.32220458984375,147.43960571289062,75.38303857132479,148.33055457255242,73.373081446864,147.36021702901692,74.09822517948626,147.59839654091,158929200,10080000
2020/5/15,74.87689971923828,147.0602569580078,74.92313414173562,148.63045111148548,73.05188017652294,146.7250424330176,73.08595077247826,148.4628438489904,166348400,7225600
2020/5/18,76.64107513427734,143.83164978027344,77.01581451007397,145.6047305564555,75.51200038814163,143.27590221836886,76.20550920779705,145.49004906964512,135178400,10073100
2020/5/19,76.19822692871094,144.36984252929688,77.50736817025115,144.40512191517018,76.16659206539425,143.3289189322954,76.65812803670754,143.36421177844565,101729600,8639100
2020/5/20,77.68014526367188,144.80201721191406,77.75070734904016,145.28719268756754,77.02069943070256,143.68171883936205,77.05963407747018,143.93753129364956,111504800,10927300
2020/5/21,77.10100555419922,145.16372680664062,78.08408497746194,145.86943552183735,76.86253362412333,144.92554725495347,77.54144307709652,145.42836925737365,102688800,8920000
2020/5/22,77.59740447998047,146.03701782226562,77.68013781166567,146.15168587838332,76.73599313969208,145.20781123357293,76.83819007988166,145.3048463335321,81803200,4956700
2020/5/26,77.07180786132812,144.07867431640625,78.89925602718259,144.48444764832038,77.01583791238306,143.76992261842153,78.71918977774382,144.4138889073301,125522000,8098900
2020/5/27,77.40758514404297,143.81402587890625,77.5535881797336,144.5903065998654,76.18604151167783,143.42588551842667,76.9282205155957,143.60230928402544,112945200,8047400
2020/5/28,77.44165802001953,143.2847442626953,78.70457206303743,143.40825570761942,76.80411908559893,142.60551207723753,77.0815181781685,142.87015446157199,133560800,10272600
2020/5/29,77.36622619628906,144.30801391601562,78.14733245248436,144.74908004825625,77.00852208206489,143.21417852263184,77.6849956705814,143.53174667625586,153532400,14632700
2020/6/1,78.31767272949219,143.3364715576172,78.43934069786921,143.47779741746172,77.18859041846218,142.7976785098387,77.31999390359594,143.17749007347393,80791200,13341400
2020/6/2,78.68023681640625,142.81532287597656,78.70457189402366,143.16862398682005,77.60712449987925,142.42668356750465,78.04999766403765,142.79765377716234,87642800,11517100
2020/6/3,79.1133804321289,140.916259765625,79.37618740858451,141.61404749295437,78.42717129207927,140.38630822187102,79.00144797787304,141.48154949883812,104491200,12255700
2020/6/4,78.43206024169922,138.8759766,79.23506606043094,140.44818972456915,78.05732072747928,138.84065183554864,78.93576753713425,140.36869898074653,87560400,14038600
2020/6/5,80.66586303710938,137.8867188,80.72669702130025,137.9308847656775,78.65347751344345,135.28108555593636,78.68267663769132,136.56181914512942,137250400,17778500
2020/6/8,81.14279174804688,138.41665649414062,81.17686234047467,138.5403132269346,79.6487130986334,136.95043132131713,80.36168554392373,136.9681004195943,95654400,10346700
2020/6/9,83.70513916015625,139.9888916015625,84.09934224911986,141.00464253435146,80.78997894985643,139.8210688351282,80.82161381457999,140.4835186115319,147712400,9095300
2020/6/10,85.85867309570312,142.06455993652344,86.3283097920722,142.11755376239358,84.21615510054647,140.48351906190433,84.6565926651657,140.65134182887667,166651600,13135500
2020/6/11,81.7365493774414,144.7497100830078,85.42552350785493,145.05884525384275,81.63435243044103,143.64562702093355,84.99968556796321,144.19324790689794,201662400,17086400
2020/6/12,82.44221496582031,143.35415649414062,84.63223846471662,144.5553994803548,81.32773960827684,143.13333986783343,83.88276702365586,143.45131634881886,200146000,9716100
2020/6/15,83.46180725097656,143.43360900878906,84.11638164574502,145.04998789977634,80.92867875199258,143.21279244134666,81.09171712965171,144.75850841344354,138808800,7759800
2020/6/16,85.6737289428711,141.2342987060547,85.94627147951505,142.40904469140088,83.88277968678821,140.1743816710102,85.52286182278011,140.8015067750583,165428800,13698900
2020/6/17,85.55449676513672,141.8172149658203,86.48160625971012,142.0027067927861,85.43282877449953,140.73962915362648,86.42077226439153,141.5610737050861,114406400,7113900
2020/6/18,85.58855438232422,143.31878662109375,86.00709250366052,143.51310628751654,84.97777878565866,142.74466891057372,85.51068509788405,143.12446695467096,96820400,7691400
2020/6/19,85.09944915771484,143.43360900878906,86.76386617293707,143.53076883756668,83.9874020783935,142.12637870325062,86.29666530516798,142.2058694329122,264476000,8565500
2020/6/22,87.32596588134766,143.45123291015625,87.4695331919999,144.34332670962152,85.44741216447049,143.15092570767123,85.49364658624263,144.1401793053016,135445200,9319700
2020/6/23,89.18992614746094,142.47084045410156,90.61344295119446,143.14211791275525,88.1533126161021,142.31184553010016,88.57428648623221,142.62982190053035,212155600,9088600
2020/6/24,87.61553955078125,143.99887084960938,89.73986501886358,144.0518646590673,87.24080011710065,142.6651438938247,88.81761971025675,142.67397170287734,192623200,11436500
2020/6/25,88.77870178222656,144.4139862060547,88.81763643178542,145.16476767215968,87.00965180666661,144.3256542179591,87.77129464423196,145.04111097536736,137522400,10968000
2020/6/26,86.0509033203125,145.9597625732422,88.89550150488402,146.02159768623073,85.90246451179942,145.01466112092993,88.67406487318402,145.07649623391848,205256800,12119300
2020/6/29,88.0340805053711,145.5004119873047,88.12898509123728,145.97738319959535,85.47905300682135,145.19127695773955,85.9584251297807,145.60641307757498,130646000,7274400
2020/6/30,88.76895904541016,144.79380798339844,89.05610113430572,145.99505044073214,87.60094935771706,144.39634092655692,87.62041296790133,145.94205663016277,140223200,14841700
2020/7/1,88.60104370117188,144.51263427734375,89.39188548967921,144.63643602022714,88.55238096980085,143.3895669354443,88.84681537177396,143.9732095061994,110737200,13181000
2020/7/2,88.60104370117188,144.66297912597656,90.14866410882917,144.79563253867792,88.48668294073944,143.46917937194047,89.51112514748854,143.87595078678083,114041600,7599800
2020/7/6,90.97114562988281,144.07041931152344,91.44078222719904,144.15885487148623,90.00266588363523,143.03578802814428,90.03430074503379,143.5486845905101,118655600,7972700
2020/7/7,90.68888092041016,146.09552001953125,92.1318614031436,146.21047008881936,90.57694845637647,144.31806459903783,91.35075503882443,144.51261209275725,112424400,12791900
2020/7/8,92.80104064941406,145.51190185546875,92.83267551468656,145.83908928895823,91.58192502451845,144.87520331387213,91.6695298380442,145.3085161665465,117092000,7253900
2020/7/9,93.20010375976562,147.8287811279297,93.75003795219516,148.0763846376153,92.14889068283713,145.55613173687706,93.6965037466287,145.60918770418408,125642800,13373100
2020/7/10,93.36314392089844,147.0859832763672,93.42154960385396,148.7484756933018,92.18053466189855,146.93565352491382,92.79373863774762,148.51854849064802,90257200,8478000
2020/7/13,92.93243408203125,147.57232666015625,97.29058186234049,147.6430724415583,92.71829725665447,146.11322021882285,94.67228464918172,146.3519855443825,191649200,8054000
2020/7/14,94.47029876708984,147.78451538085938,94.66252878061455,148.68650701259887,91.37506583395142,147.66071366617945,92.31190310453103,148.5007976938915,170989200,11344600
2020/7/15,95.12002563476562,147.0948028564453,96.60194074558854,147.63422765804088,93.91794539378512,146.6438136590636,96.35130500289155,146.72339760682883,153198000,7840300
2020/7/16,93.94955444335938,147.79335021972656,94.80852985232154,148.35930277864048,93.3485144880104,147.7137528102653,93.98848907753033,148.03210196799023,110577600,9107400
2020/7/17,93.75977325439453,147.48391723632812,94.55791486444917,148.03218027278018,93.2852651867788,147.2097857181021,94.40218371971898,147.91723016430572,92186800,8549900
2020/7/20,95.73566436767578,147.84645080566406,95.87436764626261,148.22669418181312,93.50184205095535,147.501573571775,93.8473823794661,148.12942042387633,90318000,6907200
2020/7/21,94.41436004638672,147.93487548828125,96.60438386189568,148.31513236444016,94.16372428454169,147.74917962476684,96.52895030233236,147.94372714403372,103433200,8454400
2020/7/22,94.67960357666016,148.3770294189453,95.36337714422316,148.96952364420284,94.02746487733731,148.2886073133176,94.11506227305587,148.79265244619157,89001600,6592100
2020/7/23,90.37008666992188,150.11024475097656,94.48976162634358,150.22520831373242,89.55734566457981,148.9871775805854,94.4118923570118,149.37627256833517,197004400,10471800
2020/7/24,90.1462173461914,150.1013946533203,90.49175759896814,150.2605625029009,86.7687137944106,149.33204290022283,88.5621056532968,149.45584461435493,185438800,7520700
2020/7/27,92.28272247314453,149.5443115234375,92.37519132147816,150.59663306071513,90.98818087454525,149.43819960148602,91.212045787962,150.55241526210946,121214000,6146400
2020/7/28,90.76673126220703,150.5789337158203,92.02964524444927,150.63198967343934,90.76185979129367,149.82727166721287,91.85200735463462,149.92454542064,103625600,8520700
2020/7/29,92.50659942626953,150.32247924804688,92.69153713216036,150.67619459754155,91.21448607300921,149.42932572650295,91.2509849817971,150.37553520113352,90329200,6733700
2020/7/30,93.62594604492188,151.31297302246094,93.73057872513968,151.445612975306,91.26802000602063,150.99462364225002,91.67682263526055,151.25991704132292,158130000,9376100
2020/7/31,103.42752838134766,151.21563720703125,103.57839550277167,151.62242205122388,98.13739905674298,150.2782792756824,100.14249260806086,150.46397513350504,374336800,8886000
2020/8/3,106.03363037109375,150.45428466796875,108.66165541676666,150.48970365658255,105.01648797674454,149.58670856433716,105.31578641481019,149.82573945812868,308151200,9066200
2020/8/4,106.74174499511719,151.8884735107422,107.83675673192468,151.89732150469217,105.49829447245462,151.13597526497463,106.22343825153119,151.23335723197528,173071600,9878900
2020/8/5,107.128662109375,150.56057739257812,107.44986737596928,150.99435883214485,105.99471558411307,150.22416443259524,106.46192391970698,150.55171588833187,121776800,6954100
2020/8/6,110.86628723144531,151.4015655517578,111.36269464253704,152.4904631901575,106.87071514088169,151.0474431635549,107.46201970975673,151.7202689469465,202428800,9481800
2020/8/7,108.34566497802734,150.39227294921875,110.84435557432207,151.826430830298,107.54608428478957,150.12668465425324,110.38605796245164,151.6316669812154,198045600,8176900
2020/8/10,109.92044067382812,149.71946716308594,110.94185716723757,150.71984401875662,107.26085805079369,149.67521369842166,109.79611320774808,150.6932865366046,212403600,6408500
2020/8/11,106.65142059326172,147.9400634765625,109.68153802602951,148.27647629613855,106.390579904866,146.85116607159918,109.18180291672903,147.99317844630926,187902400,19234200
2020/8/12,110.19590759277344,146.5944366455078,110.45430815645663,147.01938345196126,107.55095084699191,146.06327340001997,107.74596761374468,146.69181860010514,165598000,11744800
2020/8/13,112.14610290527344,145.0275115966797,113.15289349736156,146.58560958433927,111.09055440270924,144.45206777974835,111.58054387716682,146.3465786601251,210082000,12744700
2020/8/14,112.046142578125,144.4608917236328,112.1363380075208,145.31961980063548,110.2300184759341,144.4431957384059,111.9705730324468,145.01862595115028,165565200,6398100
2020/8/17,111.75364685058594,144.82388305664062,113.19679651470848,145.59409079408837,111.1247113252436,144.682234103962,113.17241755400838,145.16029594215544,119561600,6901500
2020/8/18,112.68484497070312,145.8596954345703,113.11145065744996,145.95707742084386,111.16856617508924,145.26655552122787,111.50497642122994,145.50558648906122,105633600,8140600
2020/8/19,112.82624816894531,144.94775390625,114.2450187969475,146.61209454148658,112.73117989850726,144.56708772303978,113.09440184356299,146.39962121303685,145538000,12497700
2020/8/20,115.32980346679688,146.25802612304688,115.4443778648386,146.64754040325923,112.85061167913358,146.01013375071543,112.86767769232154,146.41737103199034,126907200,10319900
2020/8/21,121.27302551269531,147.1344451904297,121.75813472539492,147.24953662638572,116.28051759278713,146.08095329989678,116.29270335052242,146.7537789151666,338054800,6836000
2020/8/24,122.72350311279297,146.8954315185547,125.5781103847472,147.8161360971886,120.85131508513315,146.83346855159272,125.49278030711304,147.24070586683197,345937600,6490600
2020/8/25,121.71670532226562,145.77110290527344,122.0628686712799,146.15176915813254,119.98834358364527,145.03631437353917,121.59238528346616,145.49666658188502,211495600,10518300
2020/8/26,123.37193298339844,145.21340942382812,123.83023059467142,145.47899783026298,121.96778837684518,144.54944516193473,123.03796284565955,145.2311189198271,163022400,8276600
2020/8/27,121.89708709716797,142.74346923828125,124.3104548230282,145.91279362326344,120.74890305425278,142.67264476221382,123.97648471809909,145.85966513492218,155552400,19860100
2020/8/28,121.69963073730469,142.63720703125,123.29391171689831,143.4605296375319,121.47535476838321,142.212273739058,122.87461898845491,143.21265075805442,187630000,8415400
2020/8/31,125.82672882080078,143.58445739746094,127.73792880610966,144.52285786606134,122.86243534022762,143.02672320981233,124.40309306090538,143.06214219450558,225702700,11388100
2020/9/1,130.8387451171875,145.2267303466797,131.44331646895694,145.41285623641593,127.27964057724809,142.85147837431873,129.45410665665014,143.36552554388672,151948100,10587000
2020/9/2,128.12799072265625,146.60940551757812,134.54414333091748,146.73348499718384,123.83756147352996,144.8988802970387,134.16385535146685,144.91659627723308,200119000,15167700
2020/9/3,117.86993408203125,147.02589416503906,125.6317192300971,148.22238494343395,117.49939923565937,146.62706841345508,123.74978578666541,146.90181474179866,257599600,16416600
2020/9/4,117.94793701171875,144.23414611816406,120.61970534748437,145.97125859438287,108.1286934708545,143.97711568046057,117.08009977010788,145.71424168032652,332607200,13780300
2020/9/8,110.0106430053711,145.12042236328125,116.02700063472479,146.46756686219123,109.87412977263537,145.12042236328125,111.11250193799896,145.6787731465697,231366600,13790400
2020/9/9,114.39856719970703,144.7304229736328,116.17324635017911,145.57239148296085,112.38986646879137,144.25182123661295,114.3400636644491,145.29764514531476,176940500,9558900
2020/9/10,110.66397094726562,145.46607971191406,117.4994162494611,145.6610636524213,109.69862512916494,143.53396980788264,117.36290300000906,143.98598418071612,182274400,8847700
2020/9/11,109.21106719970703,145.77627563476562,112.3606396431834,145.8560516298334,107.26086957114084,145.42176674602075,111.71707085483806,145.6256086808667,180860300,5458200
2020/9/14,112.48741149902344,145.7673797607422,113.04321758334012,146.30801446593733,109.99116065569437,145.55466636859134,111.86334878819117,146.0509840932996,140150100,4274900
2020/9/15,112.66291046142578,145.41285705566406,115.87098624147585,145.76736581836366,110.78096957645455,145.16468469340344,115.38343686650313,145.50147748451775,184642000,6928500
2020/9/16,109.33782196044922,144.9786376953125,113.11145686330157,146.13966996883732,109.25006664242188,144.44686078784915,112.36063408677491,146.04217798659067,154679000,8815200
2020/9/17,107.59239196777344,145.4217529296875,109.40607622888594,146.2016886392022,106.00298369138476,145.1735940264139,106.9878355070113,146.14850013966134,178011000,7813900
2020/9/18,104.1795654296875,144.96975708007812,108.11896597388156,145.56356687066875,103.44824123696516,144.76590163396543,107.65092265661133,145.5015203809006,287104900,7246300
2020/9/21,107.33887481689453,145.7053680419922,107.44613627717712,146.59165376858252,100.53268210169752,145.4749386215916,101.93682671673261,146.13965291653435,195713800,11086900
2020/9/22,109.02579498291016,145.5901336669922,110.0496517037046,146.13076840302548,106.44178910174857,145.2356113265186,109.87413362126594,145.74080059032678,183055400,10524100
2020/9/23,104.45256805419922,145.78512573242188,109.31830814093878,145.82057120663075,104.1112775817434,144.8899686058162,108.84051189467765,145.61672930172793,150718700,6224800
2020/9/24,105.52517700195312,146.3434600830078,107.50462606943356,146.3434600830078,102.38535816136529,145.90031732498161,102.55112314626282,146.20166467840866,167743300,8278100
2020/9/25,109.48410034179688,146.3434600830078,109.64011973249772,146.6093484425523,104.9888939391714,145.98009329939558,105.7299711661724,146.33460209635905,149981400,5140300
2020/9/28,112.09734344482422,145.92691040039062,112.44837956504263,146.14848178789418,109.97162802324053,145.67875152827818,112.1461013546261,146.1218943032853,137672400,4470100
2020/9/29,111.24900817871094,146.09530639648438,112.43862979442277,146.44982872965213,110.74196012319106,145.84714752508907,111.69756013169471,146.05986092498972,99382200,10297600
2020/9/30,112.9261703491211,144.69497680664062,114.3400678311443,145.35083299476318,110.79070940085708,144.06572162728227,110.95647438306982,145.35083299476318,142675200,12971000
2020/10/1,113.88177490234375,144.93365478515625,114.78861696573017,145.2707966576859,112.9456810690759,143.8157825508109,114.71060728643806,144.179525924285,116120400,11523900
2020/10/2,110.20565032958984,144.39248657226562,112.49713819553232,145.20871282883056,109.4255758436502,143.88677366960295,110.07889017847046,145.15548274174228,144712000,8828800
2020/10/5,113.59901428222656,141.57113647460938,113.7452805953654,142.7954686825989,110.72247569462236,141.52677357093307,111.07351187039006,142.7954686825989,106243800,14726000
2020/10/6,110.34217834472656,142.3341827392578,113.22846975785129,143.20365272107352,109.45483490950848,140.7815751772972,112.81892262806667,141.35826610862358,161498200,22419400
2020/10/7,112.21437072753906,141.29612731933594,112.6726683499166,142.32528737701298,111.28802241183179,140.94125107624913,111.76582617611366,141.56229127048152,96849000,9429200
2020/10/8,112.10710906982422,142.0590362548828,113.5015006370164,142.17437705505745,111.73656676842208,141.6509301795232,113.35523433064257,141.9259611297987,83477200,8431500
2020/10/9,114.05728912353516,142.03253173828125,114.08654089243238,142.1922355502923,112.05833393555243,140.89691132848543,112.40937004114366,141.52683233184962,100506900,8441500
2020/10/12,121.30229187011719,142.48495483398438,122.06286774169322,142.55591923437953,116.30978334982996,142.05022004003374,117.07035922140598,142.33411825458668,240226800,3962000
2020/10/13,118.0844497680664,143.5052490234375,122.26762403724531,143.57622696895734,116.67055964456534,142.99953623823072,122.15060951635888,143.0261648132522,262330500,7914300
2020/10/14,118.17222595214844,143.83349609375,119.96640417322294,144.3924388989577,116.64132113373098,143.70042091996606,117.98695479953686,144.01981487470508,150712000,6954800
2020/10/15,117.70417785644531,143.58506774902344,118.1819741959685,144.78279836086912,115.20792725389234,143.40762968666093,115.7637332845987,144.64970966085494,112559200,9458800
2020/10/16,116.05624389648438,143.1858673095703,118.52324985437662,144.010974151505,115.85147406239771,142.92858408046126,118.25996903954183,143.4254162040236,115393800,8416300
2020/10/19,113.09195709228516,142.64468383789062,117.42139051387834,142.82212196245308,112.7799257876711,141.99702859129022,116.97284597845898,142.396267755971,120639300,9286600
2020/10/20,114.5838623046875,141.2871551513672,116.01725873391653,141.96142492720088,112.75067179572477,141.02099139802596,113.3064778152816,141.8283498193557,124423700,11189000
2020/10/21,113.95980072021484,140.79925537109375,115.75397896154352,141.39368035598056,113.55025356563891,140.50647646134524,113.76477649436593,140.8791004725732,89946000,10453700
2020/10/22,112.86768341064453,139.33534240722656,115.10066050216787,140.7371258638082,111.7365652586778,139.26436448741373,114.52534835538113,140.43546632019024,101988000,12664900
2020/10/23,112.17537689208984,140.18707275390625,113.64777829500613,140.36452435059968,111.43429965467703,139.06920079808077,113.49175890211328,139.12243086202633,82572600,8783800
2020/10/26,112.18511962890625,141.49127197265625,113.64776782516624,141.97036965226513,110.0691495843626,141.07428506315318,111.17101598676972,141.25173667050876,111850700,7227300
2020/10/27,113.69650268554688,142.4406280517578,114.35957007435778,142.57370325831684,111.68780181918402,141.86393723545996,112.61414257382006,142.1567162275507,92276800,6062300
2020/10/28,108.43096160888672,142.5736541748047,112.5556319702952,143.24793775633202,108.33345323653111,142.13005225544458,112.18509717957912,143.17695982471565,143937800,11765800
2020/10/29,112.44837951660156,141.18968200683594,114.01828898706523,142.68905933628216,109.40606895582341,140.5952567914196,109.57184138543087,142.6003334973462,146129200,11932400
2020/10/30,106.14923858642578,139.79676818847656,109.20129465261257,141.37599053510706,105.03762673155073,139.79676818847656,108.2944526194869,141.0920787013634,190272600,13095400
2020/11/2,106.06149291992188,140.84385681152344,107.92393519387548,141.3856328086686,104.64760263945637,140.62181769059825,106.39303037953306,140.95043125286594,122866900,10810500
2020/11/3,107.68991088867188,140.0267791748047,108.71376013684448,140.3109822525849,106.0224928792937,139.47611284227673,106.9293350359113,140.195531104828,107624400,16228700
2020/11/4,112.08760070800781,143.06419372558594,112.71166332605715,144.0322806728888,109.55234539225575,142.5845818171803,111.29777308441078,143.56155899934933,138235500,21570800
2020/11/5,116.06600189208984,143.31288146972656,116.64131401748298,143.65038515417393,113.95979248109225,142.62012073484135,115.01289346688455,143.5615641154706,126387100,18537500
2020/11/6,115.93415069580078,141.5810547,116.4323036892573,142.03400969975704,113.43358602193297,141.16361997824168,115.5727390073877,141.7675599945844,114457900,12408400
2020/11/9,113.61917877197266,138.60580444335938,119.15752589443073,138.6857353353588,113.35545115043828,137.33574620758145,117.7021241226147,138.52587355135995,154515300,23245000
2020/11/10,113.27729797363281,137.806396484375,114.85967848302198,138.38369291707173,111.48001699164712,137.46889260250543,112.86705172692065,137.6287678552526,138023400,12561000
2020/11/11,116.715576171875,138.30374145507812,116.85232493510753,138.49913698365125,113.73639817031066,137.6376240309953,114.4689840243058,137.68203456970622,112295000,5888200
2020/11/12,116.44207000732422,140.6573486328125,117.7314207166171,140.6839922451647,115.81693072113664,139.18301905794905,116.84255382154495,139.38729127004692,103162300,15999700
2020/11/13,116.49089813232422,140.47084045410156,116.89137444647928,140.77281042267114,115.13317320860197,140.24880132094276,116.66671900133667,140.64846905018996,81581900,7344600
2020/11/16,117.50676727294922,140.13339233398438,118.18074115273141,140.57747077681034,115.40668645392178,139.9824072896874,116.15880460888832,140.08898177926207,91183000,6310400
2020/11/17,116.61788940429688,141.0481719970703,117.86816796066498,141.35903228198708,116.19787325311871,140.85277642692776,116.7741779499669,141.012651689861,74271000,7444600
2020/11/18,115.28947448730469,141.45664978027344,117.03791358767974,141.72309936580194,115.26017224604259,140.63954765625792,115.85600932586726,141.6076347165622,76322100,10333300
2020/11/19,115.88529205322266,142.18499755859375,116.29553826630797,142.74454059547116,114.09778111474732,141.96295839185765,114.85966906826211,142.0784230952629,74113000,10637200
2020/11/20,114.61548614501953,143.44613647460938,116.0122833606363,143.472780082655,114.566651563308,142.45140563506263,115.88530450548863,142.57574699000597,73604300,7246800
2020/11/23,111.20651245117188,142.7888946533203,114.88898089812312,142.98429012692708,111.10883584417593,142.3536931798889,114.45919488464406,142.8333051795382,127959300,11300000
2020/11/24,112.4958724975586,141.36782836914062,113.16008391412161,142.12276660082279,109.97577558304761,141.22572011693404,111.26513373188881,142.09612299755767,113874200,10891700
2020/11/25,113.33589172363281,140.93267822265625,114.03917519557105,142.0251205628869,112.49585951573405,140.8793909967316,112.86704104383878,141.4389339733281,76499200,9145800
2020/11/27,113.88288879394531,142.30044555664062,114.76199315028312,142.34485609521332,113.52148460740729,141.73202589861367,113.86335645369218,141.75866951131854,46691300,4708200
2020/11/30,116.28578186035156,142.12283325195312,118.16119960518925,142.57578827207075,114.09778703912657,141.89190384577162,114.25407557732021,142.1317099398081,169410200,13071600
2020/12/1,119.87055969238281,140.0272979736328,120.60314540681418,141.12973999699932,117.2234842051738,139.29826045027446,118.20026515774896,140.96081600665957,127728200,13662800
2020/12/2,120.22221374511719,138.91598510742188,120.505481144647,139.52054096292258,118.0830608551581,138.23140333432855,119.18682076181041,139.47609870049953,89004200,12114300
2020/12/3,120.08547973632812,140.03616333007812,120.9059723441791,140.31178397031346,119.37242620138713,139.20934210740435,120.65200715268998,139.52940499882888,78967600,9626500
2020/12/4,119.4114761352539,137.9824676513672,120.00731313587139,138.5070111578633,118.69842273292154,137.6001773701625,119.7533479916129,138.41811306656686,78260400,12734500
2020/12/7,120.87663269042969,139.2271728515625,121.6775927059249,139.47610923038758,119.41146138509114,138.8537547173097,119.47006585258578,139.00490725861047,86712000,9316100
2020/12/8,121.49201965332031,139.88510131835938,122.07809422262514,140.53412676111282,120.23197125291128,139.7606331013688,121.48225720881356,140.08959547671532,82225500,7397200
2020/12/9,118.95238494873047,139.42274475097656,123.02555979189044,139.86727586384256,118.19049698695923,138.70259295268278,121.638532607525,139.1826941515453,115089200,7750100
2020/12/10,120.37848663330078,140.65846252441406,120.99386342394624,140.72957552485676,117.36023696350695,139.4315529936936,117.70210881817248,139.79607155948815,81312200,10025100
2020/12/11,119.56777954101562,141.1564178466797,119.90965143989179,141.7076321029597,117.75096607584693,140.7563425456373,119.58731188427349,141.04972115132523,86939800,8135900
2020/12/14,118.95238494873047,140.76524353027344,120.48593076857054,141.0853065189751,118.71795960331949,139.68058637778535,119.75334504344477,140.01843441197457,79184500,7535900
2020/12/15,124.91075134277344,140.2939910888672,124.9302911359923,140.81853443088056,121.24782260023406,139.85834581027422,121.45294571554655,140.27620604977912,157243700,6847500
2020/12/16,124.84239196777344,139.9206085205078,125.38938700764821,140.3740253430053,123.62141557358976,139.04043208929403,124.45168548343347,139.20935607199272,98208600,9954200
2020/12/17,125.71171569824219,139.5503387451172,126.57128777488863,141.02772438833705,125.06703664075737,139.22103343707013,125.90706892352664,140.73402626069742,94359800,9422700
2020/12/18,123.71910095214844,139.13204956054688,126.10244928345861,140.06654118035618,123.19163825002659,138.99854299762498,125.96570052204723,139.83513523668927,192541500,6505000
2020/12/21,125.25262451171875,139.68385314941406,125.33076878091637,140.03094852075057,120.58361248475222,139.23885838717945,122.11715836957907,139.90635053053137,121251600,8988200
2020/12/22,128.81788635253906,140.40478515625,131.28914115354644,140.4670909603737,126.63965393544905,139.79959861419067,128.5541513025178,140.22678991330116,168904800,7370800
2020/12/23,127.91925811767578,139.43466186523438,129.35511260798816,139.45246545876887,127.74342977111927,138.3577821092475,129.0913924448983,139.39015967147958,88223700,9266600
2020/12/24,128.90579223632812,139.98648071289062,130.36120131987872,140.1110787337144,128.0559975194573,139.59489663327716,128.27089053594116,139.63938525629825,54930100,3117100
2020/12/28,133.51622009277344,140.0487518310547,134.1511218894807,140.1288476288563,130.41004823158806,138.92736992134496,130.87891392295424,139.17656590128047,124486200,7791100
2020/12/29,131.73843383789062,139.87075805664062,135.56741313736748,139.9864474612473,131.2207411586561,139.15876371527136,134.84460481779132,139.1854623148085,121047300,9030900
2020/12/30,130.61517333984375,140.17337036132812,132.83247066876245,140.2000689645076,130.30259622541593,139.44357232731724,132.43198683008825,139.56818391570732,96452100,9097300
2020/12/31,129.60906982421875,140.3780517578125,131.61147380180907,140.6895535408959,128.66159108708325,140.12885576341105,130.9667947818931,140.13776435045887,99116600,7742100
2021/1/4,126.40523529052734,140.2089080810547,130.50771259087762,140.77850068876904,123.8167640988133,139.3189187827411,130.4198058762155,139.43462173717273,143301900,13152900
2021/1/5,127.96809387207031,139.16766357421875,128.6811548471336,139.68385915020605,125.44799670124497,138.53577858959088,125.89732259094927,139.68385915020605,97664900,10458100
2021/1/6,123.66046905517578,136.3108673095703,128.0071488340126,136.92496256280174,123.44557604986173,135.53656679976282,124.75446642211676,136.89826395006725,155088000,22827300
2021/1/7,127.88018035888672,135.10928344726562,128.57370150076903,135.42968016215528,124.89123256509167,134.61978658005089,125.37962311713653,135.09147985750508,109578200,14651900
2021/1/8,128.9839324951172,134.6732177734375,129.55046725691102,135.24281051071725,127.20618394212671,134.0858214436972,129.35509913564104,134.81560577263588,105158200,13622500
2021/1/11,125.9852066040039,134.4507293701172,127.14757835470962,134.57532736533147,125.51635590694859,133.9345337956115,126.190337167744,134.38842358242857,100384500,8370700
2021/1/12,125.80940246582031,134.3439178466797,126.67873700583286,134.53082162465526,123.91444484041192,133.4361247168147,125.51636516935064,134.20151626157096,91951100,12186300
2021/1/13,127.85084533691406,135.85691833496094,128.39784023023424,136.23072594867097,125.50657724997244,134.89574143736706,125.77029734922058,134.9758372488058,88636800,12533300
2021/1/14,125.91686248779297,134.58424377441406,127.95833152822492,135.84802752117938,125.7703363715888,134.20154114100592,127.76297827778365,135.79463031190502,90221800,14835500
2021/1/15,124.18795013427734,135.11817932128906,127.1964377514296,135.5987675583333,124.05120137461118,134.80667764050352,125.78987056372236,135.4474710100016,111598500,11624700
2021/1/19,124.8619155883789,135.5542755126953,125.7214876279719,135.59877769615733,123.99258110451602,134.842281317782,124.81307355803929,134.9401806893346,90757300,9575600
2021/1/20,128.96441650390625,135.6878662109375,129.41374239946222,135.70565623122712,125.56522221027927,135.09156102703062,125.67266873501019,135.2695698712723,104319500,5368900
2021/1/21,133.6919708251953,134.73553466796875,136.42695979034838,135.05593149016354,130.48813129314166,134.4774436407229,130.69326179993675,134.78003686719447,120150900,8162700
2021/1/22,135.8409423828125,135.17160034179688,136.60283037919487,135.287289734358,131.88497630652225,134.7621992245835,133.1157150150256,135.14490174503962,114459400,9507200
2021/1/25,139.6015167236328,136.7647247314453,141.72112937094178,136.78252832908422,133.36965015663242,135.84803636544825,139.7480427932305,135.95483079094973,157611700,8712600
2021/1/26,139.83592224121094,136.50662231445312,140.94945159248252,136.7024211316861,138.08747652106706,136.09722108383016,140.26570811441928,136.25742628891388,98390600,7690300
2021/1/27,138.76153564453125,136.8536834716797,140.949530910091,137.5033719769573,137.1498526175353,136.64008111178939,140.09972112639457,137.12068302650218,140843800,7895200
2021/1/28,133.90692138671875,136.09719848632812,138.69315786113063,136.57780044161555,133.5259773426194,135.42081132648067,136.28050728033566,136.52438966201268,142621100,10667800
2021/1/29,128.89599609375,135.27842712402344,133.56500695035245,135.71452694242714,127.18662975783303,134.6554370835641,132.67613287859766,134.7622314961673,177523800,14965900
2021/2/1,131.0253906,135.43524169921875,132.2366043185905,135.7560099207637,127.88991734702876,134.98082571699112,130.64444666641413,135.132297711067,106239800,8165500
2021/2/2,131.85569763183594,134.56202697753906,133.14504104670476,134.62439139238552,131.48451601180642,134.11651637241826,132.57850617042217,134.31254212634377,83305400,9177500
2021/2/3,130.83004760742188,133.3680877685547,132.61755859976557,134.17892057331568,130.50770809360628,133.27899377865566,132.6077812510319,134.03635387438675,89880900,9633100
2021/2/4,134.199951171875,133.01168823242188,134.2097136169971,133.19880872934067,131.4649611835476,132.5840017199192,133.1352633782053,132.90477000327348,84183100,8262600
2021/2/5,133.78419494628906,131.89785766601562,134.42983740127244,133.2700378290743,132.9037842725981,131.8889523491815,134.3613683130723,132.8512568075087,75693800,10258900
2021/2/8,133.930908203125,132.47702026367188,133.97982321266207,132.9938141707926,131.9842042669653,131.90676726200488,133.07005180092128,132.1384414662441,71297200,11574800
2021/2/9,133.050537109375,132.57504272460938,134.8798577105995,133.3591457570786,132.89402991245743,132.4592192100164,133.64726464501388,132.95818892307682,76774200,5218300
2021/2/10,132.44400024414062,133.4571533203125,134.00919124583916,133.4571533203125,131.4755366325783,132.88690030011404,133.51027896407933,133.01164272341043,73046600,8079800
2021/2/11,132.18968200683594,132.72659301757812,133.42226002186263,133.4661290341061,130.85927394263595,132.53947248598504,132.94291666374514,133.3681161072548,64280000,11962700
2021/2/12,132.4244384765625,131.078125,132.58096057062542,131.94241662347872,130.78100126920737,131.00684167481674,131.4266437121405,131.60382422783434,60145100,14088400
2021/2/16,130.29188537597656,129.08224487304688,133.05051647602303,129.7861592782687,129.90058012743768,128.89513802318666,132.54184204307595,129.39410775068774,80576300,17789100
2021/2/17,127.99303436279297,129.90199279785156,129.34301156647996,130.42770571171465,126.65284912113184,129.18026770101167,128.3941167097973,130.04455947265873,97918500,11199100
2021/2/18,126.88762664794922,129.3762969970703,127.17130992538829,129.73271369377764,124.63766971776128,128.59220745612785,126.38871426357021,128.8505976648222,96856700,10755300
2021/2/19,127.04409790039062,127.65662384033203,127.86583132256979,128.5921989126587,125.99738825363634,127.28239653058256,127.4060570610675,128.36052467621434,87668800,12741700
2021/2/22,123.25830841064453,126.68544006347656,126.89736442452865,128.07544513068368,122.86701070079127,126.27557775574036,125.22456652832139,127.44281383494716,103916400,13203900
2021/2/23,123.1213607788086,126.3200912475586,123.95286378441952,126.97053297806629,115.8139024055986,125.75874348791307,121.06705704042179,126.09733592654445,158273000,12658500
2021/2/24,122.62246704101562,125.491455078125,122.82789668702961,125.7943991016449,119.57036091351185,123.99454560009157,122.22139224547901,124.16384184732566,111039900,17363100
2021/2/25,118.3573226928711,123.44210052490234,123.70829972436195,124.67171442503559,117.91711742835099,121.72243572454349,121.96703273011528,124.31531129834283,148199500,52621700
2021/2/26,118.6214599609375,127.52295684814453,122.13334021289873,127.68334774288805,118.56276044849312,124.45784157523128,119.92251431654658,125.42906506984883,164560400,45423300
2021/3/1,125.0093765258789,125.8387222290039,125.14632962305842,126.15096043686623,120.1181731597989,124.97339033983276,121.05728331048017,125.481890230534,116307900,22048000
2021/3/2,122.3974609,125.8476563,125.91912544308468,125.90117969040355,122.28985387937136,125.15181068794791,125.61587325929479,125.2499415327773,102260900,12482200
2021/3/3,119.40403747558594,124.48272705078125,122.97461692584996,125.02690465672033,119.18882336345308,123.78689517594336,122.09419895048056,124.34000242916703,112966300,19763700
2021/3/4,117.51605987548828,123.67985534667969,120.91055650866424,124.83957974151154,116.038921700727,123.07323823655507,119.10081259436319,124.5630329052919,178155000,22366600
2021/3/5,118.7779769897461,123.92072296142578,119.28666630320659,124.30431666847473,115.01175200979323,123.0999984980084,118.34755618226085,123.26056880916344,153766600,20598000
2021/3/8,113.82808685302734,122.95721435546875,118.36712304031239,123.91174705517047,113.68134925740799,122.95721435546875,118.29864649080791,123.84930760600926,154376600,15236600
2021/3/9,118.45516204833984,124.6611557006836,119.4040567156157,124.73252481708124,116.20521293027855,123.97423986609004,116.43998860707968,124.24187064951441,129525800,14463400
2021/3/10,117.36933135986328,124.91091918945312,119.51167358003067,125.02688207280131,116.85085748034945,124.25076518619727,119.04212218796035,124.71465755638422,111943300,12387600
2021/3/11,119.30622863769531,124.00991821289062,120.52902944875325,124.34000207934612,118.62146316885641,123.51927765523786,119.87361000523832,124.15265644637046,103026500,14150700
2021/3/12,118.3964614868164,121.37823486328125,118.5334145770574,121.73508041720926,116.5671562971472,121.01247327510478,117.78017258073191,121.68154337492054,88105100,20402700
2021/3/15,121.29207611083984,122.09188842773438,121.30186060870128,122.29706607336,117.79975671281828,121.69044916898392,118.76822048970244,121.76181826578052,92403800,11366500
2021/3/16,122.83768463134766,121.60126495361328,124.45178328205833,122.32385852340627,122.00618152746164,121.10169476275722,122.96485323576835,122.23465733919157,115227900,15567900
2021/3/17,122.04530334472656,120.69132232666016,123.12136654730853,120.90542966477177,119.67795534298575,119.67433629209614,121.35075339157471,120.56642978249498,111932600,27107500
2021/3/18,117.9073486328125,119.46917724609375,120.49968794214433,119.95983146484197,117.70191898445727,118.81795270790168,120.20621275113163,118.92499958753092,121229700,21615100
2021/3/19,117.37910461425781,120.2096176147461,118.78777367187806,120.28098673919555,117.07585237233634,119.3621313818454,117.29106652984883,119.61191651128416,185549500,18685000
2021/3/22,120.70513916015625,121.55663299560547,121.17469805700857,121.69045516328976,117.643247954114,120.76267047149585,117.71172451580232,121.04814687274445,111912300,17047500
2021/3/23,119.87360382080078,122.65394592285156,121.53660985268937,122.69853971011341,119.48230608877304,121.45853023190291,120.64641478912513,121.85105356813078,95467100,16768400
2021/3/24,117.47691345214844,123.31404876708984,120.22577469235176,123.35865615299413,117.45735192347425,122.17217047170779,120.14751365088765,122.27030127579202,88530500,13863000
2021/3/25,117.96604919433594,122.34169006347656,119.01277396820035,123.69767586210719,116.41064997457923,122.29708267039206,116.93890087847339,123.45680682926304,98844700,20782000
2021/3/26,118.57254791259766,121.91346740722656,118.83667706674994,122.43088312822454,116.33237593563868,121.5209441973479,117.731260359211,121.69936012576653,94071200,8433300
2021/3/29,118.74864196777344,120.878662109375,119.91275082818898,122.08299370813853,118.10300696502964,120.40585367128638,119.00298664807106,122.0651480277581,80819200,13968100
2021/3/30,117.29105377197266,121.51207733154297,117.78017409006814,121.77969452632303,116.27368261472802,120.44155410334955,117.49648340996671,120.70026887466133,85671900,15020800
2021/3/31,119.49210357666016,120.83405303955078,120.83228856558793,121.85103901088655,118.51386287192022,120.4147680361499,119.00298322429019,121.6280156521527,118323800,19271300
2021/4/1,120.3236083984375,122.83955383300781,121.47793274502293,122.93781887872616,119.82470354215977,121.75865196099036,120.96925085519509,121.98198037117893,75089100,14885900
2021/4/5,123.16048431396484,122.30354309082031,123.41482894170679,122.35713971485463,120.3920618207335,121.43702798658292,121.17465723068582,121.98194971573344,88651200,8243000
2021/4/6,123.46376037597656,123.13434600830078,124.3637400471671,123.25940936976275,122.91594796105788,122.3928940686034,123.74745108038357,122.52689929002383,80171300,9282400
2021/4/7,125.11699676513672,122.27677154541016,125.13655829677086,123.36661524227993,122.41705013315294,122.27677154541016,123.09203865699509,122.78595321607791,83466700,11052700
2021/4/8,127.52348327636719,123.28620910644531,127.55282930898505,123.3398193741608,125.72352361753806,122.70556069959449,126.14416003624177,122.7323590180101,88844600,7847900
2021/4/9,130.10601806640625,122.83955383300781,130.1451411281215,123.44701419678064,126.65282945773264,122.46436373959713,126.97565069226758,122.83062560371866,106686700,8717800
2021/4/12,128.3843231201172,122.7859878540039,129.95929134574504,122.85745459881495,127.78759565756825,122.47333618020437,129.63647010271666,122.79492971641017,91420000,7659000
2021/4/13,131.5048828,123.70600891113281,131.7298889082425,123.73280721683413,129.05928119869824,122.56256909828447,129.5581934810451,122.65190587120733,91266500,13232800
2021/4/14,129.15713500976562,123.31302642822266,132.06251145593788,123.49170008637394,128.79519068086032,122.89318149804889,132.0038193946852,123.30409819766963,87222800,7293200
2021/4/15,131.5733184814453,125.37657165527344,132.062438624499,125.939349965238,130.73203123832246,124.58152308101754,130.90812225173812,124.60832139906898,89347100,23896700
2021/4/16,131.24078369140625,124.40286254882812,131.73968110440896,124.8227210836785,130.37992704769707,124.10806738834474,131.37773680047187,124.25994271446976,84922400,15238400
2021/4/19,131.90594482421875,124.0455093383789,132.52224111291792,124.44749767483334,130.4385840810419,123.768584342841,130.60488317405677,123.93831608355954,94264200,13886800
2021/4/20,130.21359252929688,124.6172103881836,132.58093272949054,124.84946694845704,128.94187690393258,123.66135857571717,132.08203545204475,123.67922865908582,94812300,11476500
2021/4/21,130.5951385498047,124.86738586425781,130.83969873435487,124.9835210052519,128.44301191111677,124.23314078087112,129.47994470532655,124.65298567262684,68847100,11902200
2021/4/22,129.06907653808594,125.41224670410156,131.2309800623084,125.41224670410156,128.55061017652483,124.34920175496732,130.1451323202757,125.06385508160936,84566500,14156400
2021/4/23,131.39727783203125,125.11746978759766,132.17985833056576,125.48373154470868,129.28427466174912,124.60828824919491,129.28427466174912,125.403336611942,78657500,12302200
2021/4/26,131.78857421875,124.93885040283203,132.12117243879302,125.51949883584516,130.65381154555584,124.92992217325262,131.89618128132474,125.1979053694834,66905100,9103500
2021/4/27,131.4657440185547,123.84902954101562,132.46355353704712,124.90314695439282,131.19183786473573,123.75076447392867,132.07224836961583,124.69767495810085,66015800,14137300
2021/4/28,130.67337036132812,123.92939758300781,132.08203909742446,124.0723310369613,130.18425010167056,123.24155589376493,131.38748176093378,123.85793085603107,107760100,15263700
2021/4/29,130.57554626464844,123.5631332397461,134.08744123271336,123.59885978313429,129.56795967816743,122.50008796475241,133.5004909237802,122.78594120450586,151101000,17178200
2021/4/30,128.59950256347656,123.84902954101562,130.65379865527194,123.92942451475386,128.2179893659456,123.25943913849385,128.91253176123163,123.73289438057994,109839500,15692000
2021/5/3,129.656005859375,123.92328643798828,131.1527277481315,124.93420199913984,128.96146337467013,123.7085718223465,129.16688554691402,124.08431216156325,75135100,16447700
2021/5/4,125.06806182861328,124.76423645019531,128.6288645532719,125.39047035640822,123.94308362244821,124.49584659013968,128.33538938179106,124.79107407111333,137564700,18639700
2021/5/5,125.3126220703125,124.97000885009766,127.61147843692302,125.11315194352156,125.18544602057825,124.28114465751221,126.38867773337496,124.37955382788157,84000900,11127900
2021/5/6,126.9169692993164,125.17571258544922,126.92674633387438,125.41726474131478,124.36375269989001,124.53158260372149,125.10721781247982,124.57631650678854,78128300,21907600
2021/5/7,127.59306335449219,124.55844116210938,128.62194863274965,125.78408478808129,126.87772403166485,124.27216870590559,128.22020012171234,125.33677298392863,78973300,18346900
2021/5/10,124.30059814453125,123.29701232910156,126.9365300969227,124.5763173298737,124.26140115764763,123.18070691053292,126.80915297265736,124.30792756056877,88071200,15146200
2021/5/11,123.37950897216797,122.59919738769531,123.732266941607,122.99283390847653,120.30260870284276,122.35765887338326,121.01794071068072,122.76917803538458,126142800,15158600
2021/5/12,120.3025894165039,121.31095886230469,122.13500921597532,122.38450439232457,119.79304356361403,121.09624429595189,120.91993258519142,122.26819896252447,112172300,20859400
2021/5/13,122.4583969116211,121.4987564086914,123.61468197456075,121.99974314151046,121.7626671457256,121.33773080922728,122.07623559621457,121.60610680833416,105861300,13073900
2021/5/14,124.8885269165039,122.63499450683594,125.31968625791376,122.63499450683594,123.32068496055011,121.86561772891379,123.71264731855359,122.14294883766392,81918000,17566700
2021/5/17,123.73226165771484,122.37556457519531,124.37900077220148,122.71552593463655,122.65437060963178,122.17875992858978,124.27121091978704,122.41135716612267,74244600,6113800
2021/5/18,122.3407974243164,122.06246185302734,124.4377876927737,122.17876730425176,122.2722045641729,121.7314554467727,124.01642941587465,122.02666925993927,63342900,11423100
2021/5/19,122.18401336669922,121.76716613769531,122.40938669653873,122.83176994591804,120.39079046342964,121.3287958487604,120.68476412746298,122.15184756709107,92612000,14296000
2021/5/20,124.75135040283203,122.76920318603516,125.15311390529939,123.00181407826128,122.58576737350162,122.26821611181576,122.7131594479721,122.34872896641374,76857100,13310500
2021/5/21,122.90913391113281,123.16281127929688,125.42748227973826,123.18964889128416,122.69355422979483,122.61709041743713,125.25109958373996,123.1538699589247,79295400,10171600
2021/5/24,124.54558563232422,123.61908721923828,125.368707483583,123.9769448634362,123.40890280809067,123.35965237170896,123.47749567269044,123.44912019547677,63092900,6868700
2021/5/25,124.34959411621094,124.76423645019531,125.74106096052154,124.8000153944609,123.78124903022919,124.01274211186448,125.25110237090293,124.02169708608739,72009500,12346900
2021/5/26,124.30059814453125,124.54948425292969,124.82974625336892,125.16677664954568,123.87923988060832,124.24531554038218,124.40838798944601,124.88049057829777,56575900,9793700
2021/5/27,122.76213836669922,124.04847717285156,125.07470800508072,124.0753147813222,122.56616092997943,123.44908116555882,123.89882843264199,123.90533416042878,94625600,10695200
2021/5/28,122.10562133789062,123.8516616821289,123.27170742078762,124.62103832732772,122.04682959457176,123.76219388466907,123.04632661129708,123.97690840805106,71311100,10258000
2021/6/1,121.78223419189453,123.82390594482422,122.8307291605157,123.868690573102,121.44907105983727,122.96382508765164,122.56615887776788,123.47450108702442,67637100,11778500
2021/6/2,122.54658508300781,124.11058807373047,122.72296780445203,124.34352008429633,121.55688909562903,123.92245436110606,121.7822624487701,124.12851012701128,59278900,7347900
2021/6/3,121.05712127685547,123.6447525024414,122.34079079399837,124.09270829341247,120.65535777774502,123.50141703893031,122.17420921068651,124.09270829341247,76229200,10994000
2021/6/4,123.35990142822266,125.3379898071289,123.62447923898972,125.3379898071289,121.36089981512367,124.1016414656288,121.57647951987867,124.1016414656288,75169300,15773700
2021/6/7,123.36967468261719,124.95277404785156,123.78123176635104,125.16779772244175,122.3211797448802,124.81839279531032,123.63424495757191,125.06027904988457,71057600,7799800
2021/6/8,124.19280242919922,125.83074951171875,125.87824288128334,126.01889691494111,123.67345546064644,125.6157395314905,124.05561671962153,126.01889691494111,74403800,11230900
2021/6/9,124.57495880126953,126.94166564941406,125.18250083132375,127.3537771638892,123.97721788610363,126.54746251694525,124.65335276825591,127.00437232747741,56877900,12768300
2021/6/10,123.57546997070312,127.70317077636719,125.61366838929395,127.72109282731893,123.40888838700712,126.03677547135926,124.4671771062987,126.17117034771826,71186400,19698300
2021/6/11,124.79055786132812,127.49713134765625,124.87875295690584,127.57776008147465,123.56567997208057,127.0760519547986,123.98703826502418,127.49713134765625,53522400,8646700
2021/6/14,127.85763549804688,126.52056884765625,127.91642723799659,127.30897500400623,124.51617286716927,126.33242149833866,125.25109952078272,127.30897500400623,96906500,9401300
2021/6/15,127.03453063964844,126.36824798583984,127.97524340485357,126.40407841044427,126.78955507030692,125.8575721592382,127.32850431328268,126.14427023814092,62746300,18207300
2021/6/16,127.53429412841797,126.26080322265625,128.25942730281437,126.92378266501684,125.87827159650314,125.61575950886395,127.74987385723517,126.68188272826671,91815000,19676300
2021/6/17,129.14129638671875,128.15110778808594,129.88603158210103,129.84437908891545,127.04430640625819,126.89683781358906,127.19130069845629,127.09393933394107,96721700,35225800
2021/6/18,127.83805084228516,130.5611114501953,128.86693621675641,130.83884168407604,127.62247115663257,129.11869413539628,128.0830263985157,129.2620431820823,108953300,26616900
2021/6/21,129.64108276367188,128.3751983642578,129.74887261931582,129.45030348209772,126.61318811711466,128.13331201622032,127.68127808078076,129.36070683210124,79663300,16485000
2021/6/22,131.2872772216797,128.68870544433594,131.38527341107215,128.72453588321622,128.9747077019385,127.32691636800602,129.4744673348731,127.3717146694981,74783600,14530200
2021/6/23,131.01292419433594,128.3572540283203,131.62047373989773,128.56330986097748,130.5523689534629,127.85554573809816,131.0815245269483,128.2139048966781,60214200,12040900
2021/6/24,130.72877502441406,128.56324768066406,131.9340507183845,128.92160666592173,130.25841113476253,128.4109444284036,131.74786688107946,128.49157314950872,68711000,8788400
2021/6/25,130.4347686767578,127.22832489013672,131.1990911159377,128.47364071848688,130.1407950573534,126.65494235774207,130.77774039141622,128.34821371672925,70783700,15562200
2021/6/28,132.07122802734375,128.53639221191406,132.53178329485237,128.83204457426294,130.66997494475694,127.84653669976672,130.72876668918406,127.86445875308154,62111300,11460700
2021/6/29,133.59007263183594,128.75146484375,133.7468605769358,128.76041903855483,131.64987040561977,128.15119202866663,132.09082341810688,128.20495820907482,64556100,11217900
2021/6/30,134.20742797851562,129.32479858398438,134.6483810309489,129.84441509571406,133.13932308886885,129.07394451952135,133.43329677453198,129.23520198788134,63261400,15708900
2021/7/1,134.51116943359375,129.33189392089844,134.5699611689942,129.45748444903165,133.03150764945613,128.7577638368122,133.85463680142217,129.16144669950174,52485800,10810000
2021/7/2,137.14710998535156,130.11245727539062,137.18629949198788,130.11245727539062,134.9815196787238,129.2781795734102,135.12849901876004,129.38582477667157,78852600,9650200
2021/7/6,139.1656951904297,131.63751220703125,140.27297435431075,131.8617821867219,137.25488915777586,130.72248685715448,137.25488915777586,130.72248685715448,108181800,20037200
2021/7/7,141.66448974609375,132.80368041992188,141.97805072261244,133.27016572354802,139.79287267133577,132.06808214146398,140.65517657085456,132.38206552990192,104911600,20964400
2021/7/8,140.36122131347656,133.32398986816406,141.16473348435932,134.0596018435228,137.84286503744906,132.9203067128737,138.73457978552972,133.5572393668636,105575500,17487800
2021/7/9,142.19363403320312,131.4490966796875,142.72277473602026,131.86175939386322,139.78306761517845,131.41321951201394,139.8810638333893,131.75410051414082,99890800,14483600
2021/7/12,141.59585571289062,131.2786407470703,143.37928474040953,132.07704113700197,141.10590465506056,131.1261388398193,143.27149490960213,131.9514505258335,76299700,10610400
2021/7/13,142.7129669189453,130.27389526367188,144.4963962387887,132.2833584130559,140.74336872639185,129.75358747441135,141.13532365605394,131.70922804013873,100827100,23340200
2021/7/14,146.15243530273438,131.75408935546875,146.56400746388263,131.79894607752482,144.71197759508698,130.8031870766193,145.12354975623524,130.9826002764938,127050800,16038600
2021/7/15,145.49588012695312,133.2073516845703,146.98533571546386,133.3060309858469,144.13381661407468,131.89760947565853,146.24061539726927,132.722921046177,106820300,18462400
2021/7/16,143.4478759765625,132.95616149902344,146.7501414566327,133.07277252838682,142.9481312599128,132.15776127485654,145.47628061590362,132.17569300962188,93251400,12787900
2021/7/19,139.5870819091797,135.87171936035156,141.17453382837715,136.31127972390078,138.82275929894942,135.11816188732755,140.86095791027103,135.41419987880982,121434600,40203900
2021/7/20,143.21270751953125,134.5619354248047,144.1436266165373,136.99302708101925,140.08683190917176,134.34663140031975,140.57678303301844,136.83154564056855,96350000,25674800
2021/7/21,142.47781372070312,132.85751342773438,143.19315329216263,133.21633984423053,141.7232995813488,131.5746822964774,142.60520582698703,132.92926776035333,74993500,19988900
2021/7/22,143.84967041015625,134.11338806152344,145.22152774257404,134.39148052221782,142.87956168443856,132.821591364307,143.0069537767786,132.86644807791674,77338200,18136900
2021/7/23,145.57424926757812,133.21632385253906,145.73103718743823,133.35985987724717,143.96721046930946,132.6691047356445,144.5845535586843,132.7139614544094,71447400,12639300
2021/7/26,145.9956512451172,132.82159423828125,146.81876560092866,133.7186737764983,144.731568886007,132.66012649180894,145.29012038238656,133.66485119434086,72434100,10737700
2021/7/27,143.82025146484375,134.23895263671875,146.2112152481958,134.28380934163712,142.62476957316773,133.65585653781326,146.12301268573492,133.96086022990707,104818600,13036500
2021/7/28,142.0662384033203,134.2479705810547,144.01624946103246,134.2659160076525,139.67527427888382,133.0100099128023,141.8996567982077,133.36883631465955,118931200,14346700
2021/7/29,142.7129669189453,133.50340270996094,143.604681578867,133.86222910168084,141.6742728984309,133.243241940867,141.7820627469063,133.4675118577793,56699500,11532000
2021/7/30,142.9285430908203,134.13136291503906,143.38909834548167,134.31077612049677,141.21371414962817,133.7187002229712,141.4782919442919,133.78150237347396,70440600,14342100
2021/8/2,142.5953826904297,135.32777404785156,143.99663576121543,135.8307489200736,142.3308048906137,133.98949085173135,143.41849700972153,134.23200148835176,62880000,21232700
2021/8/3,144.39842224121094,135.39955139160156,145.06474871455308,135.83067050389792,142.2622271752402,135.07620863112194,142.8795704889318,135.39955139160156,64786600,13361900
2021/8/4,143.9966278076172,135.67800903320312,144.81974208144462,136.3606292735867,143.34009511643663,134.47446052151813,144.3102036940969,136.0732073397342,56368300,18267900
2021/8/5,144.1044158935547,134.98638916015625,144.8687384173836,135.55224243105377,143.232303529077,134.72592506857012,144.02602192289004,135.40853148844016,46397700,15345400
2021/8/6,143.41744995117188,132.7319793701172,144.36938030633664,133.612184903782,142.9169565067693,132.65114710483803,143.62354429564462,133.2170003718517,54126800,21144300
2021/8/9,143.368408203125,132.25601196289062,143.96704478811583,133.43261673559508,142.8090348226229,132.23804466035818,143.47635955368153,133.06436241137936,48908700,12942400
2021/8/10,142.88751220703125,131.64517211914062,144.95820400187984,132.5433447707114,142.59309814162447,131.63618162140762,143.71185961055318,132.4714893139825,69023100,13716900
2021/8/11,143.14268493652344,131.56434631347656,143.98666406649497,132.2379759053196,142.81883091257257,130.87276313347206,143.32914770557306,131.50148134485303,48493500,17227600
2021/8/12,146.1162567138672,131.34884643554688,146.27327959158745,131.5284783246025,143.12307362087492,130.62131467156445,143.4665592940723,131.2141122399792,72282600,14709400
2021/8/13,146.3223419189453,133.423583984375,146.6560042822418,133.4325607793586,145.5078026382922,131.86075824030846,146.19475896699817,131.87872553530616,59375000,18653800
2021/8/16,148.30470275878906,133.74693298339844,148.37340588044512,134.743905474119,143.74133599773583,133.65711020926713,145.77276511297995,133.99842030492874,103296000,19170900
2021/8/17,147.3920135498047,133.69309997558594,148.85424577061949,134.24996303092823,146.3125001875388,133.53142165643175,147.43126177455844,133.72004407793884,92229700,14126900
2021/8/18,143.63336181640625,134.14212036132812,147.91213704580514,134.24989671750305,143.42726745871994,133.3337565749262,147.00927814091656,133.56729028667857,86326000,13144000
2021/8/19,143.96705627441406,135.13011169433594,145.2428409806357,135.13910219466413,141.80804406555308,134.55528157960185,142.32816925758922,135.00436803502006,86960300,15474300
2021/8/20,145.42926025390625,135.21994018554688,145.73348263655066,135.45346021842818,144.0455246026639,134.82474189526192,144.69323256382265,135.2558610732857,60549600,12388400
2021/8/23,146.92098999023438,135.13011169433594,147.39204365611192,135.17502308088396,145.13488842138761,134.6540811479951,145.54706225084624,134.90556846662682,60131800,10615000
2021/8/24,146.83261108398438,134.0792999267578,148.0495155771115,134.7888644598865,146.37136587144144,134.0792999267578,146.6657799394827,134.51041924376304,48606400,13835900
2021/8/25,145.59609985351562,132.9654998779297,147.519592250737,134.16007138782527,145.04653487560168,132.5523480504649,147.0190838087262,134.01637415068043,58991300,16743800
2021/8/26,144.7913818359375,133.3338165283203,146.34194886069025,133.44160663799295,144.76194192197897,132.48953147857165,145.58630443638947,132.90269720473836,48597200,16657400
2021/8/27,145.83164978027344,134.2409210205078,145.97884935283636,134.26786510977186,144.0946199514099,133.22598130812824,144.73250473188153,133.44154772727074,55802400,15384700
2021/8/30,150.26742553710938,134.59121704101562,150.63054275493232,134.63611472282292,145.841450580605,133.76488589727643,146.22418442407636,133.81878778450113,90956700,10596300
2021/8/31,149.00144958496094,133.67506408691406,149.95337994286723,134.8067569202021,148.47150125451728,133.37866540807033,149.81598870433032,134.42952597577278,86453100,15262400
2021/9/1,149.66879272460938,133.8990020751953,152.09277878484346,134.3486595492503,149.50196155532296,133.53928158493417,149.98283843704763,134.24074614666338,80313700,10807100
2021/9/2,150.7875518798828,134.48355102539062,151.8376253671697,134.4925529572257,149.560838913159,133.7730982557287,151.00345455998809,134.21376751947918,71115500,9765900
2021/9/3,151.42544555664062,133.26048278808594,151.749299563858,133.55725836846756,150.23798086351027,133.04465598232267,150.89549719045843,133.34143156270432,57808700,12928000
2021/9/7,153.77093505859375,132.13636779785156,154.33030841689003,132.6669741629924,151.5137800748948,131.89356258863435,152.08297672118582,132.43314344268828,82278300,15547800
2021/9/8,152.2203826904297,133.03567504882812,154.11442061539339,133.26950575525572,151.1114292056323,132.5500509367526,154.05554077983348,132.79286985402,74420200,14533700
2021/9/9,151.19973754882812,134.64540100097656,153.20172648114232,134.79828285671024,151.08196292373444,132.96368686545222,152.59328165383056,133.2514604402293,57305700,20324600
2021/9/10,146.1947479248047,133.45834350585938,152.58346376101343,134.15081991368695,145.92977372713005,133.2425166833892,152.11241016755477,133.90800101594982,140893200,14894600
2021/9/13,146.7639617919922,134.2677459716797,148.5991198416723,134.43861803474246,145.97886239429423,133.9529802005157,147.82384373270557,134.0339152654004,102404300,15036100
2021/9/14,145.36058044433594,135.89552307128906,148.25563513558592,136.30921410924014,144.17313063309547,134.51957188625056,147.54904724190396,134.654463679897,109296300,19918400
2021/9/15,146.2536163330078,135.41888427734375,146.6559817546306,136.02142381382373,143.6431677103874,134.8343211646673,145.7923710886154,135.98545724375577,83281300,11940300
2021/9/16,146.01809692382812,134.7982940673828,146.19475138463315,135.30190815696662,144.4773531646783,134.4475618462473,145.67462626455162,134.60044371469564,68034100,13328900
2021/9/17,143.33895874023438,134.1508331298828,146.04755063760766,134.32170519614436,143.04454462427765,133.72815393095988,146.04755063760766,134.15982134088517,129868800,13782900
2021/9/20,140.27711486816406,135.8145751953125,142.14171300384132,136.1293272583109,138.63822777586256,135.10410855583567,141.12109417657655,135.40988613005172,123478900,14660400
2021/9/21,140.75791931152344,135.6976318359375,141.90613561260565,135.76059046902174,140.12003467716286,135.077102326768,141.24860440703796,135.53576173221873,75834000,10035800
2021/9/22,143.13287353515625,136.50701904296875,143.7020551685205,136.50701904296875,141.02291826849162,135.29295201549655,141.7589460412651,135.60770403485986,76404300,22277800
2021/9/23,144.09461975097656,133.42239379882812,144.33996235458966,135.30195913507075,142.92678656185444,133.40440365386343,143.9179652896226,135.2749807788537,64838200,23853300
2021/9/24,144.1829071044922,132.11834716796875,144.72266370609245,132.96370531783367,142.84824304168103,131.96546529101846,142.94638605088863,132.95470338701242,53477900,20203900
2021/9/27,142.66180419921875,131.6326904296875,143.24082409127374,132.08234778714078,141.14069212341911,131.19203500175357,142.75994722486152,131.35390506365903,74150700,13464300
2021/9/28,139.2663116455078,129.5823211669922,142.0534006798123,130.46365992474853,139.05040890592517,129.17763207994034,140.5813447142184,129.79816175056814,108972300,26613500
2021/9/29,140.16915893554688,129.80706787109375,141.7589744515087,130.78731750530181,139.38405949234024,129.2225188619665,139.81586493483022,130.2207586307106,74602000,23569400
2021/9/30,138.86392211914062,129.7891387939453,141.69027387708846,129.95999710576882,138.64801941682376,129.18658570807506,140.9836859376015,129.5912884092476,89056700,22567600
2021/10/1,139.9924774169922,130.88140869140625,140.25745160999782,130.92642054201784,136.51843289284824,129.84587506959818,139.25644963882814,130.43118026624128,94639600,26151800
2021/10/4,136.54788208007812,130.5482177734375,139.56069651109203,130.98044691279114,135.69409459126777,129.75582516438217,139.11906783458025,130.26907837502984,98322000,28027600
2021/10/5,138.48118591308594,129.28761291503906,139.59013932235956,130.29612032088278,136.76378761176298,129.17956247580807,136.89137056313777,130.20608286815124,80861100,22659200
2021/10/6,139.35458374023438,130.01693725585938,139.50178329662984,130.3140896039716,135.79220473023892,129.69277230699862,136.87171805888073,129.8728608919483,83221100,18696500
2021/10/7,140.6205596923828,128.6572266,141.53324196194288,129.0714288499463,140.06118634451136,128.39608648835403,140.39484869057674,128.93636587357807,61732700,14856000
2021/10/8,140.23782348632812,127.75675201416016,141.49397639424066,128.17996760010067,139.90416114584096,127.44158679403473,141.34677682476803,128.09891608586577,58773200,17257800
2021/10/11,140.1494903564453,127.43266296386719,142.11223095937743,127.77482723906547,139.16812005497925,127.36962438640224,139.6195569824435,127.50470116387781,64452200,7213400
2021/10/12,138.8737335205078,129.61175537109375,140.58132357465212,129.67478020302735,138.41248818935148,128.29708238354158,140.56169197186182,128.43215914890874,73035900,17968700
2021/10/13,138.28492736816406,130.8723907470703,138.76578935248517,131.04347974102353,136.6067771440449,130.18804851113805,138.60878144560903,130.21506111651163,78762700,23584600
2021/10/14,141.08181762695312,131.358642578125,141.1995922695785,131.4306807710189,138.8737340029269,130.521210608129,139.4625622924774,130.89940081591158,69907100,12946400
2021/10/15,142.14169311523438,130.59324645996094,142.20057294661328,130.69229725592936,140.83646861307787,130.0889928586236,141.09163451508613,130.56623385559502,67940300,11811500
2021/10/18,143.81982421875,131.20559692382812,144.10441502439815,131.46672341108217,140.49297941378114,130.13405088394546,140.7775702194293,130.56626640141724,85589200,12115900
2021/10/19,145.9886474609375,129.39559936523438,146.39101289718135,130.32306848300047,143.81982737932438,129.3505737911933,144.2712493533105,130.2600436712439,76378900,12156300
2021/10/20,146.47933959960938,128.52223205566406,146.96021648343887,129.37766351288366,145.36057794956784,128.324130403691,145.92977457496073,128.99047357304448,58418800,12782500
2021/10/21,146.6952362060547,128.3690948486328,146.852259056455,128.90036096224156,145.1152293383939,128.07194251223865,146.0377198663419,128.76529796382502,61421000,13660000
2021/10/22,145.9199981689453,129.78285217285156,147.38223079186443,130.02596563335663,145.8709266436165,128.95443350696306,146.90136877741273,129.17053436074534,58883400,13740000
2021/10/25,145.87088012695312,129.5847625732422,146.5872762498157,129.93594023306605,144.86987823265756,129.33263572720878,145.91012834998406,129.36864795954958,50720600,8137900
2021/10/26,146.53823852539062,130.65631103515625,148.02991078440542,130.65631103515625,146.23400111612685,129.4316890139323,146.54804683877686,130.22408179951282,60893400,13671000
2021/10/27,146.0769805908203,133.033447265625,146.94057630434148,133.4296365811788,145.72368667066797,131.40360947126712,146.57747407165155,131.8268251223054,56094900,22092300
2021/10/28,149.7277069091797,132.583251953125,150.316520234439,133.5647464770521,146.93079494698944,132.22306102240924,147.0289379884622,133.0784921555556,100077900,17497600
2021/10/29,147.00927734375,132.98851013183594,147.14666858995494,133.2676496320079,143.68243254858814,131.7548883124109,144.47734011409685,131.8899513802732,124953200,19087300
2021/11/1,146.18495178222656,132.0309600830078,146.9111563462423,132.31946635802328,145.0465584432789,131.36376782610898,146.214391698361,131.45393377558452,74588300,18035500
2021/11/2,147.2252197265625,132.6170196533203,148.7463471320613,133.04979977428417,145.88073183903717,132.08507623170453,145.89055512860912,132.08507623170453,69122000,9836700
2021/11/3,148.6678466796875,131.24658203125,149.138900403637,133.41943855908033,147.02895947437068,131.21051014481156,147.58833296383673,133.27519228550793,54511500,20639400
2021/11/4,148.14768981933594,132.62608337402344,149.5902906052328,132.86049569020068,147.8336440873552,131.49907727382745,148.75613470689277,131.51709946610353,60394600,15922400
2021/11/5,148.6784210205078,134.60955810546875,149.58259788595123,134.86200627144873,147.47940028676322,133.55468246389668,149.2779313873801,133.90630767775403,65463900,21513000
2021/11/8,147.8528289794922,134.3571014404297,148.96340074214248,134.5915136490419,147.5776454448072,133.89727435781597,148.80614872335738,134.3030073736263,55020900,12083800
2021/11/9,148.2164764404297,136.106201171875,148.8258093306056,136.83649850729876,147.47937439726354,135.81768117114962,147.61696617879937,135.9619411715123,56787900,23430200
2021/11/10,145.37615966796875,133.61776733398438,147.54816002545584,136.0791434571734,145.3073712836708,132.56289185261767,147.44005113894966,135.9889912729539,65187100,28170600
2021/11/11,145.32704162597656,133.41943359375,146.86021155645847,134.03253182384233,145.14030669919578,133.33829248837392,146.3983080486063,133.8972828908223,41000000,5552500
2021/11/12,147.4105682373047,132.8333740234375,147.8135059084211,133.89726058081843,144.94372409915425,132.31945292689892,145.87738357535494,133.43744730290834,63804000,12712000
2021/11/15,147.42042541503906,131.16542053222656,149.26809954574952,132.49980511509122,146.86022060019894,130.9310083118064,147.7840576655542,132.43668619571287,59222800,15232700
2021/11/16,148.40321350097656,130.83180236816406,148.88479224149762,131.97684369737954,146.77175735607312,130.59739019951894,147.36144499767522,131.35473452042476,59256200,12998700
2021/11/17,150.8503875732422,131.86865234375,152.33441420975052,131.8956993746977,148.39338089243975,130.24577545732365,148.40320352046666,130.34495248992891,88807000,14239900
2021/11/18,155.15504455566406,132.36453247070312,155.94128964959728,132.44567356045903,150.41794373346818,131.58915217912406,151.0665970606914,131.62522405727597,137827700,11054600
2021/11/19,157.78895568847656,133.76205444335938,158.25087409630834,133.9784444926398,153.8380851561955,133.05880397994045,154.9388192362829,133.05880397994045,117305600,14022100
2021/11/22,158.2509002685547,132.1932373046875,162.85040986078795,133.11287767661258,158.23124001490817,131.7514599381152,158.89953867509402,132.89648766045613,117467900,15266000
2021/11/23,158.63417053222656,130.2818603515625,159.01746294460062,131.73344425940854,156.32457843434605,130.2818603515625,158.34914938157195,131.57114828298043,96041900,15318500
2021/11/24,159.15509033203125,132.37356567382812,159.3516478958434,132.37356567382812,156.89464085723944,130.5432960703404,157.98555258223482,130.67854498586058,69463600,13769700
2021/11/26,154.11329650878906,135.71853637695312,157.69069791152225,135.85377156104545,153.67103827148128,134.04155130723774,156.82584169085234,134.18581134186564,76959800,20064800
2021/11/29,157.48431396484375,134.62754821777344,158.417973553797,134.9160544132252,156.05923801728514,133.59069511431565,156.6292653970327,133.71691915433615,88748200,23234200
2021/11/30,162.45724487304688,136.67417907714844,162.6734626076161,137.106959003854,157.16976299446765,135.46603273588616,157.23856636291012,135.9889648292807,174048100,31481100
2021/12/1,161.93638610839844,137.51734924316406,167.3712832030322,137.58054487061318,161.70050808933323,135.21546091003108,164.59977271543113,135.84736208807286,152052500,30826500
2021/12/2,160.94378662109375,137.68882751464844,161.3762222672704,138.1040755680683,155.08629013119497,136.09104468555591,156.01012719413941,138.0499019987546,136739200,17754200
2021/12/3,159.0567626953125,139.331787109375,162.1231168797412,140.02685637459768,156.97322606716216,136.62368639800997,161.19928007401356,136.92156535504114,118023100,34427100
2021/12/6,162.47695922851562,137.41802978515625,164.99293189077792,139.3317633276061,161.4548359617341,137.1472170054208,161.46465859062198,139.06095054787062,107497000,30924200
2021/12/7,168.23617553710938,136.30775451660156,168.62930565360898,137.68888496705915,165.44501919367465,136.18137701702094,166.17229866191352,136.95769987847743,120405400,22115900
2021/12/8,172.069091796875,133.95162963867188,172.93396293794615,135.83826901161356,167.76441134011625,133.92454974521198,169.16982694435688,135.82924697182912,116998900,33633900
2021/12/9,171.5580291748047,134.70089721679688,173.71036939014843,135.26056681786912,170.9290360750293,134.0328942476297,171.9020161028415,134.80921681078271,108923700,17544900
2021/12/10,176.36392211914062,134.37596130371094,176.54083438380087,135.62169207068266,171.68578718034047,134.33082353587184,172.19684872711986,135.33282137580284,115402700,14298700
2021/12/13,172.71774291992188,136.3618621826172,178.99785124666644,136.58753718656675,172.5113477652422,135.68483717076856,178.00521097357498,135.7570548249255,153237000,17860500
2021/12/14,171.33197021484375,136.03689575195312,174.68333050700522,136.24451290818553,169.2484336092193,134.78214322445422,172.23614676061243,135.73900308043198,139380400,14015500
2021/12/15,176.21653747558594,134.7279815673828,176.41309502787303,136.11813357453855,169.34674079975917,134.61966196981757,172.0985915209184,135.05295413418813,131063300,25383900
2021/12/16,169.29757690429688,134.7803955078125,178.02486912244925,135.44915126384564,167.81355032065514,134.40986811097125,176.19685561719783,134.42794631779145,150185800,18677900
2021/12/17,168.19686889648438,136.30770874023438,170.48680119696434,136.44326084596003,166.77180785012712,135.70221968526914,167.0076709220657,135.86488221213995,195432700,18093500
2021/12/20,166.8307342529297,135.28648376464844,167.6464621757935,136.479397278861,164.58012299307805,135.19612030394381,165.38601329267868,136.2353897346571,107499100,17147300
2021/12/21,170.0150146484375,134.7713623046875,170.22139478126294,134.8346153436443,166.21155866908464,133.40674038727673,168.60959923585196,133.87667723371408,91185900,16598200
2021/12/22,172.61947631835938,135.39498901367188,172.83569412545992,135.4311316533185,169.18948928424598,134.67201211400285,170.06418314156005,135.31364394260152,92135300,12253900
2021/12/23,173.24844360351562,134.22010803222656,173.80864829178057,135.1961244493365,172.25581836202977,133.77728155540925,172.82584567773912,135.18707845024605,68356600,11642500
2021/12/27,177.22879028320312,134.54542541503906,177.31723891588942,134.6628992778156,174.0248592849785,134.0393459733324,174.04450453910178,134.16586583375906,74919600,7821800
2021/12/28,176.2066650390625,134.01223754882812,178.21159066688713,135.35878134233732,175.45974048938143,133.7591977981815,177.06171346697758,135.1961188410497,79144300,9174600
2021/12/29,176.29515075683594,132.54823303222656,177.5236541153346,133.12661163247643,175.07647002650884,132.3132714660616,176.2460076232202,132.76513017843286,62348900,11771200
2021/12/30,175.1354217529297,133.65977478027344,177.46467413151436,133.7230416063329,175.0273128661905,132.3493875352964,176.3835852641225,133.07236408792775,59773000,10355000
2021/12/31,174.5162811279297,133.92184448242188,176.1477221985718,134.68096356654007,174.21159969660636,133.23501063425186,175.02732773011687,133.57842755833687,64062300,13402300
2022/1/3,178.8799285888672,130.4064483642578,179.73497720500467,132.79226220214372,174.653888631977,130.38837015172442,174.77182016673515,132.31329299227679,104487900,33860400
2022/1/4,176.609619140625,129.86416625976562,179.7939048717263,130.2527718484503,176.0395918494563,128.99660542067164,179.48923847391032,129.78283501665635,99310400,21996400
2022/1/5,171.91183471679688,129.1593017578125,177.0715485386063,130.27991640744048,171.63665117934394,128.96952880748728,176.52118146370043,130.26183819657894,94537600,20911700
2022/1/6,169.0420684814453,129.49365234375,172.285320469028,129.6292182193277,168.68825890104756,128.58993499842802,169.73002738877994,128.86105295995108,96904000,18996400
2022/1/7,169.20916748046875,128.5628204345703,171.14529032437787,129.4484733329553,168.08877281413805,127.93022107117527,169.91678674303358,129.34906387659092,86709100,18756800
2022/1/10,169.22879028320312,128.87911987304688,169.53345670452697,129.05986056834476,165.27791944101605,127.7494732903961,166.1722734494287,128.01154523013338,106765600,13775800
2022/1/11,172.069091796875,129.7376708984375,172.1673630652104,129.80093773700278,167.88235785704865,128.96047336391743,169.35656184948618,129.12314967048994,76138300,24388700
2022/1/12,172.5113525390625,129.24061584472656,174.13297095610363,130.14433321280566,171.8135710369917,129.23158363531354,173.09120251884048,130.04492375073167,74805200,14440600
2022/1/13,169.22879028320312,130.38836669921875,173.5825988136433,130.51488660433097,168.83566022635117,129.25871976441846,172.7570481888216,129.58405863322636,84505800,15166000
2022/1/14,170.0936737060547,128.41819763183594,170.79145523828697,129.64725336482667,168.14771352583708,128.13803376455175,168.39341420548664,129.61109696082906,80440800,22997500
2022/1/18,166.8799285888672,126.61077117919922,169.5727988269632,127.70426114760429,166.49663607341066,126.53847215647043,168.56051308110673,127.387968436498,90956700,21171700
2022/1/19,163.3712921142578,127.48741149902344,168.13789130970082,128.065790043796,163.0862859235723,126.80057749673388,167.07646257144611,126.99939641427747,94815000,17930500
2022/1/20,161.68084716796875,128.2736358642578,166.7619347111161,128.31882448721794,161.35652051674097,127.50547064283076,164.10837074224375,127.75851038384944,91420500,13959000
2022/1/21,159.6169891357422,129.8009033203125,163.46957389675498,130.2256514992093,159.50888023954428,128.93332875777458,161.59241715203612,129.59303843982778,122848900,28916600
2022/1/24,158.84056091308594,128.7345733642578,159.50887451917274,130.46970955544452,152.0395683138979,128.71649515059764,157.26808565686596,130.40645649208892,162294600,25001600
2022/1/25,157.0322266,128.5266571044922,159.9609746399648,129.8732006529381,154.3196962957588,128.1470975475999,156.24598134135783,129.33096483473219,115798400,15599000
2022/1/26,156.94374084472656,126.97227478027344,161.56290980795944,128.84297612381707,155.10590488401596,126.96324257195838,160.6882161425736,128.562812190478,108275300,23655500
2022/1/27,156.48184204101562,129.30392456054688,161.02238556956317,129.56599661473552,155.55800513342504,128.6261363149546,159.65629046052865,128.69843538257422,121954600,21501800
2022/1/28,167.40078735351562,129.34909057617188,167.42044760669708,129.64731900682375,160.00028414870977,128.19233327586844,162.86024363325143,128.4092166511536,179935700,12826500
2022/1/31,171.77427673339844,128.68031311035156,171.990494554835,129.186392620779,166.59490164124617,128.29172126828493,167.23373247599272,128.49052639912506,115541600,13998400
2022/2/1,171.60719299316406,128.25315856933594,171.83323343223077,128.83234247067554,169.3467436133565,127.65587128734508,171.0175053301255,128.7599427569039,86213900,20806100
2022/2/2,172.81602478027344,128.6875457763672,172.8553452866124,129.9273719138934,170.34919537896823,128.44319846330234,171.74477342641566,128.46130184433812,84914300,18404600
2022/2/3,169.9265594482422,127.6830062866211,173.20913145041823,128.03594622434002,169.15997463841794,126.8594751623329,171.47938931840278,127.09477766003354,89418100,17234100
2022/2/4,169.64120483398438,125.8006820678711,171.32394513354754,126.82330914948606,167.9584645344212,125.59254149855623,168.94251932550307,126.56087224111818,82465400,23609800
2022/2/7,168.92286682128906,125.88206481933594,171.17634592324976,126.07210189194382,168.22418123926562,125.38432566208036,170.1037296917855,125.7101173096634,77251200,12962400
2022/2/8,172.04229736328125,125.04048156738281,172.55401004838063,125.41152489107064,168.69650213361186,124.72374838109968,168.9917215679186,125.07668832565261,74829200,16269200
2022/2/9,173.46917724609375,125.27581787109375,173.83327271357754,126.12649749890967,172.11117683042102,125.05863247426419,173.24284884864312,125.53826863737953,71285000,14349100
2022/2/10,169.37550354003906,123.28485107421875,172.68192819387235,124.73281789779759,168.8146001247778,122.93191105968621,171.36329839541398,124.57897366672803,90865900,30896200
2022/2/11,165.95101928710938,125.11288452148438,170.32022548644153,125.34817322101411,165.360580335394,122.49750542633612,169.58218430454045,123.86401369658452,98670700,43210300
2022/2/14,166.18719482421875,123.55635070800781,166.8760302449342,124.65137755364115,163.90418026929203,123.04956644547305,164.70126232865465,124.09934173720104,86185500,23157400
2022/2/15,170.0348358154297,122.15361785888672,170.192288199675,122.93189752432207,167.53534303134987,122.11742490625802,168.24386374496802,122.71471219088286,62527400,18198500
2022/2/16,169.79864501953125,122.87760925292969,170.57604164188683,123.14005995983273,167.3385082183659,121.72828615568422,169.10980971830162,123.03145347715397,61177400,16473700
2022/2/17,166.18719482421875,123.7916488647461,169.1688799431976,124.49754277988306,165.7837287151261,122.98622085582195,168.3029068340204,123.48396036894059,69589300,24508200
2022/2/18,164.63238525390625,125.09479522705078,167.82071347120757,125.22149128088344,163.54008373100112,124.12647834608,167.11220776829634,124.45227017148314,82772700,17522600
2022/2/22,161.69989013671875,125.42058563232422,164.03209518170536,125.49298534924228,159.5644780309518,124.4070172131396,162.3493548856938,124.60611298245573,91162800,19534000
2022/2/23,157.51768493652344,123.69209289550781,163.50072589040192,124.75092679474282,157.20278014132612,123.59255880821176,162.9004517631082,124.59706874803743,90009200,17757800
2022/2/24,160.14508056640625,123.7735824584961,160.25332719300383,126.12651198367193,149.57632680623354,123.30299102992528,150.14708038143124,125.88217838417864,141147500,28150400
2022/2/25,162.22142028808594,123.86402130126953,162.4871042410033,124.26221282402287,158.30487184368425,123.23958585048211,161.2275154496376,123.85497651532823,91974200,15025400
2022/2/28,162.48712158203125,126.5789794921875,162.78234102115098,126.73282374393435,159.84001180321536,125.17627784130839,160.4599711238184,125.27581193758262,95056600,25817700
2022/3/1,160.5977325439453,128.04238891601562,163.9435277104657,128.97574702948603,159.38734940316522,126.86435995104661,162.07381467213503,127.19058314400544,83474400,35664400
2022/3/2,163.90419006347656,123.6656265258789,164.69143702654492,127.24501278667111,160.3517510934881,123.61125827199783,161.76879262391375,126.7194299539463,79724800,30397400
2022/3/3,163.5794219970703,124.92515563964844,166.21669661748916,125.68633852651287,162.91027195360368,124.16397275278399,165.78371011148872,124.58987566434072,76678400,20649100
2022/3/4,160.56822204589844,127.0819091796875,162.9102773059474,127.60749201718772,159.51529120397137,126.23915975549974,161.86718160657645,127.19064568843766,83737200,25853100
2022/3/7,156.7599334716797,126.11228942871094,162.38872815867046,127.44436690119048,156.5040696124171,125.74982520002051,160.75519357831982,126.06697794334363,96418800,23710900
2022/3/8,154.92958068847656,124.84363555908203,160.28284087725882,125.27859534583136,153.31573151528343,124.37242105761558,156.28758103481016,124.60802139478766,131148300,28331300
2022/3/9,160.35174560546875,123.62027740478516,160.80441747377364,124.45395597378841,156.8681978086355,123.3574929819847,158.90518367729157,124.20929890580467,91454900,18819200
2022/3/10,155.9923858642578,121.8442153930664,157.83256370946663,122.48759147115828,153.49287802702014,121.17364136213534,157.64559087729302,122.17949549496994,105342000,26868900
2022/3/11,152.26280212402344,122.2519760131836,156.74025467661986,122.74130404277085,152.03647371376925,121.61765677959929,156.39582947431037,121.72639326903595,96970100,15583800
2022/3/14,148.21832275390625,119.39752197265625,151.66251440478936,120.42150336647616,147.70662509120922,119.36128108423125,149.03509000440232,120.24932803543147,108732100,24385000
2022/3/15,152.6170654296875,119.1890869140625,153.08942257610076,120.6570846378883,147.98217542358523,118.88099101621864,148.4938731423045,120.3943002137557,92964300,17518800
2022/3/16,157.04531860351562,120.35808563232422,157.44878471807237,120.6389974727517,151.99712715402308,118.092649722911,154.54582575293017,119.46096803443214,102300200,25857700
2022/3/17,158.0588836669922,119.46098327636719,158.4328293113158,120.82930176247102,155.1165693039783,118.7722956498009,156.08093884327653,120.35810098872183,75615400,19330600
2022/3/18,161.3652801513672,120.9198989868164,161.85730748505333,121.01050811918098,157.21256825381766,120.1315317823454,157.95060925434686,120.1315317823454,123511700,55891700
2022/3/21,162.7429656982422,118.11981964111328,163.69749992685104,119.31596246731641,160.410745925995,117.57610955739797,160.902773259691,118.962555061038,95811400,26122000
2022/3/22,166.12815856933594,116.60649108886719,166.71858251121776,117.20456938794112,162.28050023380402,116.29839517496409,162.87092417568584,116.86023258945224,81532000,21830900
2022/3/23,167.49598693847656,119.16191864013672,169.88723307812018,119.2525415996093,164.9767938445975,116.7696190775565,165.31138391398235,117.23176298577324,98062700,21266100
2022/3/24,171.29443359375,118.22858428955078,171.36330962465348,118.87196042050958,167.4959813021374,117.44021692478081,168.33241890873853,117.48551458661234,90131400,17141600
2022/3/25,171.93409729003906,116.58839416503906,172.48516570835838,117.36770465227615,169.99550766563758,115.67315614378407,171.10749466256007,117.34957729384091,80546200,25684500
2022/3/28,172.800048828125,117.5851821899414,172.92796575635768,118.31012445701661,169.25744513309817,116.93273553228609,169.42473266654576,117.24990209510764,90371900,17657800
2022/3/29,176.10647583007812,118.4732437133789,176.1556665638957,119.20724275066316,173.52824171831267,117.567069331127,173.87266694795463,118.31012513446922,100589400,19319700
2022/3/30,174.93544006347656,119.39752197265625,176.74609743731983,119.62406554989975,173.88249413539714,117.79360340130049,175.7030016679424,117.86609900527313,92633200,16310200
2022/3/31,171.82582092285156,119.68750762939453,175.19128676604245,120.22214716765653,171.61916279397346,119.30691606857465,175.00431393883977,119.59688466519422,103049300,19901000
2022/4/1,171.5305938720703,120.14311218261719,172.09151232886626,120.66950002431739,169.1983887454629,117.7199222920975,171.25505972274473,117.99217992719855,78751300,23489700
2022/4/4,175.5947723388672,119.30817413330078,175.64397809076996,119.78009666960187,171.6585524344424,118.62750224808828,171.78648438629216,119.73471577426005,76468400,13609900
2022/4/5,172.26864624023438,116.61270141601562,175.45698948199342,118.69101328389623,171.6388517127187,116.43117785168413,174.66974256872732,118.67285815780235,73401800,25196900
2022/4/6,169.0901641845703,115.6688232421875,170.86146610106397,116.44025680904946,167.4172737694601,114.71588689206921,169.61171210783138,114.74311265576523,89058800,22952000
2022/4/7,169.3951873779297,114.79755401611328,170.5957353976524,114.9609155079728,167.14170856316215,113.81739198910701,168.43081790840108,114.45268283292134,77594700,23458800
2022/4/8,167.3778839111328,113.5542221069336,169.0409389910171,114.19859064884628,166.5020757053073,112.7737178056529,169.0409389910171,113.85371246856037,76575500,26859200
2022/4/11,163.1071014404297,111.75719451904297,166.33480034612657,112.71013747732229,162.8610877127669,111.23080684829534,166.01991058277108,112.46509183701083,72246700,30020700
2022/4/12,164.98660278320312,111.6029281616211,167.16135510569546,112.68292942747499,163.98286285679325,111.33065672386202,165.34086305043706,112.58309702857335,79265200,23124200
2022/4/13,167.68296813964844,111.829833984375,168.31276274708844,112.81000298513115,164.11085865446768,111.53033674678542,164.7209679573192,111.67555004652021,70618900,17189500
2022/4/14,162.6544189453125,109.58814239501953,168.5390777375964,111.56662838975899,162.4084052337266,109.25234186765738,167.8994330781819,111.50309930881485,75329400,34274500
2022/4/18,162.43797302246094,109.04362487792969,163.94357603577927,109.8876581956663,160.96189045916935,108.62614700048977,161.3063007146444,109.69707092058407,69023900,18784300
2022/4/19,164.7307586669922,108.22682189941406,165.14407487442162,108.65337735774149,161.29641720934256,107.70043401789718,162.38871857930025,108.13606703946508,67723800,26012300
2022/4/20,164.56349182128906,110.40496063232422,166.18719136722032,110.69538030570095,163.45152002793873,108.8348747291571,166.06909457220715,109.10714620226392,67929800,31423200
2022/4/21,163.76641845703125,109.58814239501953,168.79493971335873,109.73335567954928,163.26455585195845,108.1541923689656,166.21672062047585,109.6607490372844,87227800,23323200
2022/4/22,159.21023559570312,108.89839935302734,165.1932911869879,110.21436885357252,158.92486628163977,108.73503786068902,163.8057851903542,108.97100599943347,84882400,19773400
2022/4/25,160.28285217285156,109.98746490478516,160.5682214607871,110.89502710207087,155.9333317168137,109.93300646452596,158.55090609825874,110.1598970138474,96046400,25418900
2022/4/26,154.29977416992188,111.0947036743164,159.75143039642725,111.65738786484705,154.2210479950197,110.50478679869325,159.66286908046823,111.12192943525811,95623200,26931300
2022/4/27,154.073486328125,109.6698226928711,157.24212936237095,111.01301791513764,152.90245856859522,109.60629361017847,153.4240064759593,110.89503731132295,88063200,14560500
2022/4/28,161.0307159423828,109.83318328857422,161.89668891256514,109.87856417190793,156.39581154213602,108.91655037775915,156.71071626419635,109.26142154898308,130216800,16892500
2022/4/29,155.13624572753906,108.40831756591797,163.54991794930683,109.78781618525989,154.7426297819827,108.09974969726187,159.25943807460507,108.28125939363004,131747600,26153400
2022/5/2,155.44131469726562,106.5291976928711,155.70699870242646,107.52012135784166,150.8260949299853,106.30192085933416,154.21124610323508,107.14739095752911,123055300,29233900
2022/5/3,156.9370574951172,107.2474136352539,158.14745572719883,108.46561436452761,153.8274556953841,107.1746833701194,155.6282627909498,108.22015838962345,88966500,21256700
2022/5/4,163.37277221679688,107.83832550048828,163.82542898874118,108.15651171278823,156.7205525613251,106.68375518393515,157.12401860863298,107.24740428568023,108256500,25575700
2022/5/5,154.2703094482422,104.88371276855469,161.4637492307035,105.88372942157487,152.47932210721157,103.65641235227622,161.23742078079442,105.77463404752348,130525300,48384500
2022/5/6,154.99954223632812,103.33824157714844,157.12822726592017,104.58372127335845,151.94448418251287,103.01096234217266,153.74795219056614,103.765523185919,116124600,32790500
2022/5/9,149.855224609375,104.2473373413086,153.5705662251753,104.28370246733569,149.29349706523496,102.38367145000556,152.68360662844097,102.60185527022954,131577900,26773000
2022/5/10,152.2696990966797,105.19283294677734,154.46737635991622,106.32921737529573,150.71260627459526,104.98374209605642,153.26506437118704,105.3564725819216,115366700,33640800
2022/5/11,144.37586975097656,107.2201156616211,153.1960990593114,107.2201156616211,143.69587178095387,104.0382401567252,151.2743754728662,104.31096818129622,142689800,34173600
2022/5/12,140.4929656982422,107.02013397216797,144.08018734631574,108.08378806229125,136.78748878802156,106.96558974270718,140.69992744454566,107.29286205541156,182602000,26405700
2022/5/13,144.97702026367188,105.43827056884766,145.95267144882655,106.50192447410457,141.03501714594583,105.36554031824758,142.49355408899086,106.34737789353325,113990900,20782700
2022/5/16,143.42977905273438,105.32917022705078,145.3810814533927,106.3110077560463,142.08949737035988,105.32007721216986,143.43964368471316,105.6473563885017,86643800,11050600
2022/5/17,147.07614135742188,104.0564193725586,147.5984555661727,104.8655243041621,144.55324673702833,103.96551003092841,146.70164625018603,104.28369619460314,78336300,15040800
2022/5/18,138.77821350097656,106.27462768554688,145.2233813560545,106.36553701375583,137.87153963890293,104.19277147065749,144.72078142086878,104.29277381246847,109742900,21337300
2022/5/19,135.35850524902344,106.5291976928711,139.6060101724561,107.92922381977125,134.61937984366847,106.22919060797709,137.85182041341724,107.8564935684142,136095600,21937500
2022/5/20,135.59503173828125,107.7383041381836,138.65993938193793,108.20194385040917,130.68724267872005,106.42009443966715,137.07328272324338,106.44736654792301,137426100,22780900
2022/5/23,141.03501892089844,105.9655532836914,141.1828380246541,107.50194696510324,135.65417798096212,105.94737418802625,135.79214749031698,107.01102815087806,117726300,15925200
2022/5/24,138.32489013671875,108.0564956665039,139.91154699464488,108.76559826016174,135.3388239751479,107.14738835444243,138.7683624803835,107.18375347923748,104132700,23388200
2022/5/25,138.48255920410156,108.48377990722656,139.73413423560646,108.7474218665848,136.33415991086508,107.81103548571716,136.42285136269513,108.73832885117562,92482700,14410800
2022/5/26,141.6952667236328,107.99284362792969,142.24714462113738,108.26557162259829,135.15154372635268,107.09282945442973,135.397918861849,108.2019343969152,90601500,14912900
2022/5/27,147.4703369140625,108.25651550292969,147.509750328954,108.85652280599334,143.15383866233717,107.947415366975,143.28195857644457,108.51106447610452,90978500,11190400
2022/5/31,146.681884765625,105.9655532836914,148.47550281972386,106.574660495526,144.71088384685805,105.39281813506477,146.9085606983146,106.52920235245487,103718400,28393700
2022/6/1,146.55380249023438,105.84442901611328,149.53986813880326,106.86443626473158,145.53872302627965,105.36174602192379,147.72653558588104,106.58211382245734,74286600,15544800
2022/6/2,149.01756286621094,105.89907836914062,149.07669050037924,106.29069031009871,144.73062893844732,105.15228431292738,145.68656579095972,106.21783065869283,72348100,9832000
2022/6/3,143.2720947265625,105.67140197753906,145.82453789756687,105.6987226109896,142.3654358987846,104.61496477720331,144.770044944171,104.81531840526696,88570300,15330400
2022/6/6,144.0210723876953,103.72244262695312,146.4158469197131,105.19781924332295,142.79904610031343,103.64958297837914,144.89816741340283,104.86995777301854,71598400,20815400
2022/6/7,146.55380249023438,104.8426284790039,146.83959105092737,105.44370315937776,142.0106440716535,104.35083631418279,142.25701922442352,104.37815694307096,67808200,14278700
2022/6/8,145.81468200683594,103.91370391845703,147.69697680968412,104.8517494015383,145.32193168448424,103.89549247871335,146.42568759453718,104.4419259986532,53950200,11476100
2022/6/9,140.57180786132812,104.25975799560547,145.80481374848975,104.46922076805562,140.4634021916062,103.53117551721438,144.94743302094574,103.67688784392612,69473000,15527300
2022/6/10,135.14169311523438,103.61314392089844,138.71904983013044,104.3781562661963,135.0727008597942,102.88456834491912,138.24601378405768,104.15047509590066,91437900,21917100
2022/6/13,129.96783447265625,100.36185455322266,133.23968891028474,101.70062091248633,129.53421176750797,99.48755971515362,130.94347052169286,101.53669019608104,122207100,36968300
2022/6/14,130.83505249023438,99.09595489501953,131.9486729653345,101.07223282479724,129.57361294213226,98.89559434421714,131.19969793288186,100.66240253044376,84784300,21865900
2022/6/15,133.46633911132812,100.94471740722656,135.3486488673454,101.08132749510801,130.24376297463832,99.29630800541611,132.34286902822936,100.26167391609701,91533000,25202800
2022/6/16,128.17422485351562,101.74617004394531,130.47044340040713,101.74617004394531,127.16900988024103,98.46756233804072,130.16494057459525,98.76809622444215,108123900,26067300
2022/6/17,129.6524658203125,102.07402801513672,131.15043105016284,102.75707155332964,127.92783964673345,101.05401383005515,128.18407944512376,102.0102775628365,134520300,21614300
2022/6/21,133.8999786376953,100.34364318847656,135.07272690596213,101.10864856672545,131.3869638200352,100.00667256332727,131.48550486996535,100.2616743560769,81000500,17663800
2022/6/22,133.38751220703125,103.10313415527344,135.7625572241762,103.19420522828825,131.96838893721528,102.3472310475232,132.83561923956722,102.62956040662988,73409200,23703800
2022/6/23,136.26516723632812,103.95011138916016,136.58051959738074,104.88815667049138,133.6634463480769,103.35813897476076,134.8361944256016,103.7315394178494,72433800,20669200
2022/6/24,139.60601806640625,102.51116943359375,139.85239321545572,103.9774367482321,137.74342254109405,102.45652817534919,137.87152739306867,103.33082304865215,89116800,18161300
2022/6/27,139.60601806640625,101.63688659667969,141.40948596195392,102.20153847576194,138.92602024902237,101.23617240830153,140.63093206993196,101.290813673017,70207900,12053000
2022/6/28,135.44720458984375,102.11046600341797,141.34049395514106,102.16510726739405,135.328949330103,100.97206001539132,140.06920480029078,101.35456275978137,67083400,13706600
2022/6/29,137.2112579345703,103.7042236328125,138.63038134531047,103.73154426196747,134.6883785543866,102.15598748067686,135.46693252662052,102.34723883303964,66242400,12925400
2022/6/30,134.73764038085938,104.61494445800781,136.36371032139607,105.43459109544172,131.83041667995218,104.50565499715367,135.25995448479154,104.6058352658672,98964500,25802100
2022/7/1,136.9156036376953,105.68901062011719,137.02400931509246,107.30418239096444,133.69302720857007,105.1414951195946,134.06750724522163,105.76201454339682,71051600,21858800
2022/7/5,139.50747680664062,106.51937866210938,139.5567548491927,107.45015400291568,134.94460374967946,106.00835833351682,135.77243576693132,106.66537949739656,73353800,16689700
2022/7/6,140.84776306152344,104.7308349609375,142.0303609345011,107.25854140674687,139.0344453204545,104.7308349609375,139.3005347290775,107.12166081503987,74064300,20205400
2022/7/7,144.22801208496094,103.8091812133789,144.42510918824107,105.09584199855504,141.20251816632623,103.5810492265997,141.21236775834944,105.0319653207383,66253700,13088000
2022/7/8,144.90802001953125,102.65938568115234,145.41063501342293,103.5719135538737,142.89760515660754,102.2487509232418,143.15382993164704,103.5719135538737,64547800,15320000
2022/7/11,142.76947021484375,104.42970275878906,144.51381052529135,104.74908615479353,141.6952781464939,103.75442705062433,143.5578737194986,103.83655818790314,63141600,13639900
2022/7/12,143.74513244628906,105.05021667480469,146.29757564571045,106.06312322314179,142.946879286725,104.91333609437403,143.6465763614465,105.40610200670307,77588800,18547300
2022/7/13,143.3804931640625,106.25476837158203,144.32656535504097,106.44639842664077,140.05934579014044,103.5263044893713,140.91674157030096,103.8183131868946,71185600,20594800
2022/7/14,146.3172607421875,105.3878402709961,146.7902967726585,105.99923922642228,141.17294691848926,104.45706492001518,141.99091413969506,105.01370746982953,78140700,15665000
2022/7/15,147.99266052246094,105.98099517822266,148.67265851350987,106.60151446049198,146.0512226491225,105.48822925153505,147.60831579328757,105.7072340093843,76259900,16022600
2022/7/18,144.93759155273438,104.8768310546875,149.37234459214557,105.23271637610908,144.5729460772953,104.19243513471747,148.55437722703743,105.16883970205996,81420900,15838300
2022/7/19,148.81060791015625,104.31108856201172,149.0372688640094,105.07761581330493,144.77991359630315,103.71795084572234,145.77526390456921,104.85861101095136,82982400,9276800
2022/7/20,150.82098388671875,104.58483123779297,151.49113201950726,105.44260975776538,148.18969946119495,104.07381780225326,148.92882480670872,105.37873307832292,64823400,9117300
2022/7/21,153.09754943847656,106.39163970947266,153.31436080918664,106.51027280911335,149.73698823001865,104.94985071276564,152.25986777550145,105.11410603669889,65086600,14754900
2022/7/22,151.85580444335938,108.18021392822266,154.01405345612082,108.83722834180058,151.1856711624816,107.65094593541743,153.13695840464973,107.94295466213113,66675400,17715300
2022/7/25,150.73231506347656,107.12165832519531,152.79200772624299,107.25853891372077,150.07203146028309,106.28213425989189,151.77694330248553,106.50113902431106,53623900,24868100
2022/7/26,149.4019012451172,107.20380401611328,150.87028755705626,108.80984845592339,148.61349773507445,107.1308000973846,150.05232023117222,108.46309028501739,55138700,13536000
2022/7/27,154.51663208007812,106.60151672363281,155.04881082380393,108.12543675616426,149.9537745387539,106.50113809039676,150.36768298523742,107.68742723116685,78620700,15725600
2022/7/28,155.0685577392578,107.4501724243164,155.35434635629224,108.51782851764386,152.17118296547585,107.05778510428544,154.70391221573936,107.72393361021193,81378700,16637900
2022/7/29,160.15371704101562,107.15816497802734,161.257488076031,108.87371513826287,157.1873652790473,107.06691356902138,158.90214195015406,107.4045444785471,101786900,16655900
2022/8/1,159.16822814941406,109.73889923095703,161.21807160961242,109.79374816453257,158.55722246790594,107.94709532906377,158.67547775141105,108.10250529065203,67829400,17974600
2022/8/2,157.68995666503906,107.41687774658203,160.05516729364513,110.33313393602742,157.31547663627524,107.22489948289102,157.77866315380257,109.83947255452748,59907000,17896300
2022/8/3,163.7212371826172,109.10810089111328,164.17455908657996,109.23608637687572,158.41923856963987,106.3472621593561,158.50793002421338,107.1151750739307,82507500,16731200
2022/8/4,163.40585327148438,109.0715560913086,164.76584892141557,109.29096580671832,162.04585762155315,108.36763576809265,163.60295038541236,108.76987993832311,55474100,11003000
2022/8/5,163.1788787841797,106.47527313232422,163.67231353700947,107.06035177148564,160.85972942250632,105.94504343599432,161.0669786444056,107.02378348470211,56697000,19492300
2022/8/8,162.7052001953125,108.19393157958984,165.60659947941937,108.35848536880474,162.04399931317954,107.47172366996263,164.18550472324978,107.5448602373219,60276900,17476300
2022/8/9,162.75453186035156,107.77342987060547,163.6427235312398,108.20309857754242,161.10646144310655,107.38032945518322,161.86635524789833,107.6271636792352,63135500,8223200
2022/8/10,167.01780700683594,107.06950378417969,167.11648492615134,108.70589812591679,164.70852083002953,106.7129716791033,165.47827786948693,107.6271579946198,70170500,14665300
2022/8/11,166.27767944335938,104.57373046875,168.74485366768013,107.01460528613906,165.9816155247536,104.29947189333504,167.82705702584587,106.84091469808253,57149200,20663800
2022/8/12,169.84024047851562,105.63423919677734,169.90931351048877,105.65251985554862,167.17568088366417,104.61034793837123,167.59017930923486,105.22285114019348,68039400,12178400
2022/8/15,170.9159393310547,105.54278564453125,171.1133102288565,106.73123040031952,169.10010297778325,105.54278564453125,169.2678689938365,106.34727390064145,54091700,9031800
2022/8/16,170.75804138183594,105.98161315917969,171.42912052331732,106.06388657454205,169.40603488259293,104.43663615140174,170.5113239880509,105.35996622480936,56377100,11066000
2022/8/17,172.258056640625,104.87544250488281,173.83703864427278,105.22283075173421,170.30405944658608,104.50062281315688,170.50143031473806,105.18626246658872,79542000,14131300
2022/8/18,171.86334228515625,105.03085327148438,172.60349451732048,105.71649293004556,170.8468677576589,104.75659461818499,171.4686004513763,105.10398984232252,62290100,10738200
2022/8/19,169.2678985595703,103.33959197998047,171.45875054224155,103.61384361030423,169.06064929269627,103.06533337497065,170.75806641545842,103.51328956146575,70346300,16330900
2022/8/22,165.36973571777344,102.99221801757812,167.62966033417896,103.26646968578312,164.94537398602955,102.5076934851773,167.4618943197239,103.17505246304812,69026800,10457200
2022/8/23,165.03419494628906,102.42543029785156,166.49477276056035,103.74186075559669,164.46180878530728,102.15117162759209,164.88617053329148,102.5625596329813,54147100,17813200
2022/8/24,165.3302459716797,101.67578887939453,165.90263208814247,102.27001129614672,164.0670542175665,101.34668129395291,165.12301180960134,101.92261608113219,53841500,13971600
2022/8/25,167.7974395751953,103.09276580810547,167.9059958352742,103.38530508787147,166.13950584864693,101.4655156284891,166.56385255540565,101.76719872237841,51218200,21429700
2022/8/26,161.47158813476562,103.86984252929688,168.80403659370677,104.20808697243945,161.41237837214825,102.39800213300434,168.33034343433388,102.66311697811099,78961000,18764400
2022/8/29,159.2610321044922,103.010498046875,160.76106316026429,103.3121811572873,157.72151782921043,102.50769286285451,159.03404123840198,103.2481884042926,73314000,14278300
2022/8/30,156.82342529296875,103.26646423339844,160.42549270190426,103.76926939392376,155.6490482577436,102.58082463705664,160.00114607354294,102.95564429757309,77906200,14346600
2022/8/31,155.1556396484375,102.27913665771484,158.47152210531658,103.61384750457586,155.07668827346,102.00488501708348,158.20506309707196,103.01963212919807,87991100,13623500
2022/9/1,155.88592529296875,100.4065933227539,156.3398768664933,101.00207178786998,152.6391159459931,99.80195870437772,154.58325022090398,100.65394924937641,74229900,22490400
2022/9/2,153.76412963867188,100.97462463378906,158.2543887367361,101.28610169979476,152.93516289828764,100.2875354699657,157.65239775798332,100.47991959710436,76957800,13024400
2022/9/6,152.5009307861328,98.47358703613281,155.02731410056845,99.82944564883348,151.6719640845397,98.40945901326774,154.41545987678768,99.76531762596841,73714800,24648500
2022/9/7,153.91221618652344,100.03099060058594,154.61288529155274,100.29666582914768,151.59306620015846,99.133191311328,152.78718524936798,99.23396491490074,87449600,17050100
2022/9/8,152.431884765625,99.00493621826172,154.30693097885487,100.33330538438348,150.6752430270464,98.98661692172281,152.60951406525444,99.71034446060779,84923800,14671400
2022/9/9,155.30364990234375,99.22480773925781,155.74775322839724,99.67371090559831,152.71805660596894,98.60184678399418,153.42860385753409,99.24313402615323,68028800,12529800
2022/9/12,161.28408813476562,98.40945434570312,162.10319169268726,99.75614975142632,157.20832701154205,97.95139506426966,157.49451256385936,99.51795696804052,104956000,14806900
2022/9/13,151.82000732421875,98.63848114013672,158.4320302699307,98.70260915810975,151.35617743298022,97.32843135346222,157.80043436290458,97.62158900554317,122656600,22158900
2022/9/14,153.27069091796875,98.97744750976562,155.03719565521683,99.13318598348793,151.59301587507773,98.13462013375458,152.75751459079564,98.33616034063829,87965400,13077800
2022/9/15,150.3693389892578,98.91332244873047,153.20166541150382,99.11486965106901,149.39234757415474,98.55603676801393,152.61940081458968,98.80338570488308,90481100,10260200
2022/9/16,148.7212677001953,98.08881378173828,149.3627420701132,98.98661304444234,146.42185938516235,97.81397541840869,149.22458090802027,98.05216820066568,162278800,18903800
2022/9/19,152.45162963867188,98.3178482055664,152.53058102303027,98.7759075071185,147.14228080189363,97.84146960730153,147.34951500970212,97.98804494929446,81474200,11084400
2022/9/20,154.83982849121094,97.33760070800781,156.00434240653766,97.87810732407166,151.06999458899193,96.55890130022979,151.3857850189289,96.8245765314821,107689800,20133800
2022/9/21,151.7016143798828,98.96829986572266,156.6557045846627,98.97746300956177,151.58319483232563,97.08109762185265,155.27407794326896,97.74986034406076,101696800,23132900
2022/9/22,150.73446655273438,96.43981170654297,152.44174672656402,97.07193584113281,148.92849339656019,95.9451137631772,150.37919289810281,96.91619734083503,86652500,29030600
2022/9/23,148.45477294921875,96.8337173461914,149.4811256708757,97.5024868898811,146.60933178685332,95.78934287259419,149.20480341314504,96.50391414511554,96029900,23042200
2022/9/26,148.7903289794922,94.98316955566406,151.750937683408,96.56805768934291,147.67516154898482,94.56175587021546,147.69490315670595,96.5222489670297,93339400,25104600
2022/9/27,149.76730346679688,92.48217010498047,152.68844368705126,94.34189673874208,147.98107215786084,92.43636836852434,150.73444637733243,94.09454080204397,84442700,34609500
2022/9/28,147.87252807617188,95.57865142822266,148.6620267188795,95.68858118263141,142.93818038229188,93.88383348326474,145.7014181025515,94.4793049581254,146691400,39283100
2022/9/29,140.60919189453125,95.08397674560547,144.79352488091232,95.48707127819664,138.8328234069904,94.17702103670752,144.1816704801514,94.26863152426947,128138200,19127100
2022/9/30,136.3853759765625,93.8563461303711,141.2210460611346,96.064195272628,136.18800506786133,93.65480591302239,139.42493615755308,95.52368167359116,124925300,26485700
2022/10/3,140.57958984375,95.34769439697266,141.19145931529042,96.12825293804119,135.8820953561044,94.72324616289436,136.39527183139853,95.36605743057024,114311700,27192200
2022/10/4,144.18165588378906,95.08138275146484,144.30007541815792,96.10070274329391,142.36580435900075,94.86099132261774,143.12569817421627,95.64154984629405,87830100,13788700
2022/10/5,144.4777069091797,94.17225646972656,145.44484998263232,94.43855896902942,141.13221948664446,93.28149878066147,142.17831393701783,94.33755178322438,79471000,20522100
2022/10/6,143.52044677734375,93.64884185791016,145.60274235287363,94.43857851236656,143.31321258240413,93.23559998558999,143.895462065149,94.20900202978366,68402200,13965700
2022/10/7,138.2505340576172,92.73968505859375,141.22102066261786,93.3182220984323,137.61893822830447,92.2621692062362,140.6683611358409,92.57438976237074,85925600,14814800
2022/10/10,138.5762176513672,91.29796600341797,140.02691706572585,92.29892302395305,136.7505180551927,90.72862085984754,138.5762176513672,92.28973800373228,74899000,15652600
2022/10/11,137.15513610839844,91.70201110839844,139.49402735669463,92.65704991197869,136.40512061529776,90.9030825980462,138.063054355342,91.59181189817569,77033700,33246700
2022/10/12,136.5235137939453,92.15199279785156,138.51699426564903,92.326473155383,136.34588452399208,91.08676163016159,137.30314907900447,91.16940579565471,70433700,21447600
2022/10/13,141.1124725341797,91.27039337158203,141.70458518782445,92.17951395733668,132.60564736672077,90.30616968545856,133.2175166847836,90.32453972095341,113224000,30292500
2022/10/14,136.56300354003906,90.51737976074219,142.62238154840435,92.0050373064438,136.37549592938134,90.22352225856704,142.41513233177395,92.0050373064438,88598000,18728200
2022/10/17,140.5401153564453,90.07659149169922,141.0236718643574,91.51833798637209,138.42821483436188,89.93885125880809,139.2177135934962,91.17856239763753,85250900,18969900
2022/10/18,141.8625030517578,90.28781127929688,144.77376532008952,90.41637350988097,138.76373315265158,88.95627088848319,143.57966155321216,89.94803566640111,99136600,16931500
2022/10/19,141.9710693359375,88.64405059814453,143.04675364711534,89.46134213368772,139.64205634508835,88.45120723644389,139.8295639891064,89.25013574016083,61758300,25431600
2022/10/20,141.50721740722656,87.12883758544922,143.97439116428012,88.46038498216372,140.77692855410262,87.0002753548859,141.14208050988137,88.0930613207902,64522000,25434900
2022/10/21,145.3362579345703,85.55854797363281,145.9086439824768,86.25646232922644,140.77691115529626,84.72289335571956,140.99402362375844,85.42080070519607,86548600,46280300
2022/10/24,147.48765563964844,84.85147857666016,148.2574127069579,85.90753191242673,144.08295860217441,84.34640745769211,145.25733581108966,85.23716542780721,75981900,31332600
2022/10/25,150.33970642089844,87.32167053222656,150.4877458912043,87.45023975359477,147.39883932372416,86.72477753545871,148.11924989222194,86.85333975071165,74732300,31213100
2022/10/26,147.38897705078125,88.57975769042969,149.9943121264643,88.79097106196747,146.09616525843597,87.94612458193208,148.9778376688811,87.94612458193208,88194300,24843900
2022/10/27,142.89874267578125,89.50724029541016,147.09293910929227,89.90211194987253,142.23754175092256,88.35935839361433,146.12581097157454,89.05727255161842,109180200,20270000
2022/10/28,153.695068359375,88.89199829101562,155.4319533375391,89.65418672933704,145.87906336998515,88.53385961348285,146.25406355734995,88.94709439336935,164762400,22244100
2022/10/31,151.3265838623047,88.25836944580078,152.2147755550462,88.72670735727436,149.92523080942135,87.26659751778043,151.1489545588176,88.48794589176195,97943200,23956700
2022/11/1,148.671875,89.08317565917969,153.408851320098,89.68154501039693,147.17184429440783,88.56766090655525,153.04371444627304,89.64472152472922,80379300,17585100
2022/11/2,143.12570190429688,88.69654083251953,150.17195049314788,89.8748642968834,143.09609701993313,88.33752062145122,146.9942290649959,89.21206261570012,93604600,25010500
2022/11/3,137.05642700195312,88.21786499023438,140.9249532404364,88.72417221123213,136.92812916133795,87.5366409117556,140.19466446387372,87.61028789700137,97918500,29097500
2022/11/4,136.78955078125,86.73575592041016,141.03023754059535,88.06137360948277,132.83552430474884,86.73575592041016,140.456901891493,87.54585171741934,140814800,23561400
2022/11/7,137.3233642578125,85.87040710449219,137.5507166007932,87.32490326909358,134.11071712478324,85.8335836166509,135.53416934476445,87.26967154901271,83374600,14522800
2022/11/8,137.8966827392578,86.80940246582031,139.80449340378325,87.4169725546393,135.90978972981833,86.32149644087244,138.79622744381308,86.34911932872342,89908500,20360600
2022/11/9,133.3199005126953,87.09477996826172,136.95761319516816,87.47220850675443,133.04311982943733,86.24786064072153,136.90818484099725,86.36753173373363,74917800,15637500
2022/11/10,145.18197631835938,90.44564056396484,145.18197631835938,90.61134278181046,137.8966866598679,88.96352823305776,139.61669377296678,89.04638285366238,118854000,45380900
2022/11/11,147.9794464111328,90.11422729492188,148.28588106740983,90.55610217365043,142.71070401695297,89.79203052051716,144.1440507641814,89.81964638355716,93979700,15943100
2022/11/14,146.5757598876953,89.89330291748047,148.5527731206919,90.2062920963361,145.73552323030617,89.37778100030108,147.25783186642536,90.13265212819363,73374100,13741100
2022/11/15,148.31553649902344,91.3477783203125,151.82473825025608,91.41221766717305,146.85255082741247,90.31674174718144,150.47048891741846,90.44562044090256,89868300,26608200
2022/11/16,147.07989501953125,93.34540557861328,148.14748399123684,93.39142967040172,145.5971350727314,91.81726245465055,147.41599873753398,92.07501984342449,64218300,28507700
2022/11/17,148.98773193359375,92.36038970947266,149.73899160011717,92.58132358590694,144.47024904717685,91.85407559330937,144.747029718181,92.24071163290971,80389400,24528900
2022/11/18,149.55116271972656,91.72522735595703,150.94496070019653,92.87593525336051,148.246341800127,91.64237975855852,150.5594437144723,92.60897017835926,74829600,14941300
2022/11/21,146.3088836669922,92.11185455322266,148.64176028052393,92.8114868532495,146.02222333634097,91.87251239069377,148.43418230260116,92.69181577198506,58724100,15534000
2022/11/22,148.4539337158203,93.4190673828125,148.69118076144065,93.54794609765761,145.24128683803002,92.54452521966266,146.42750698271593,92.65499569954271,51804100,18103100
2022/11/23,149.33372497558594,95.04845428466797,150.08498469071404,95.04845428466797,147.62359740352187,93.97139358273921,147.73233375155243,94.02662530385486,58301400,23234600
2022/11/25,146.40773010253906,94.72626495361328,147.16888449613631,94.75388081633264,145.42910302505686,94.29359770870903,146.6054284287757,94.45929990838805,35195900,9486100
2022/11/28,142.56246948242188,94.99321746826172,144.9546544233984,95.56396395147549,141.73212728805024,94.53293442135414,143.47189404055538,95.37985354205722,69246000,14563200
2022/11/29,139.54750061035156,93.87933349609375,143.1456646936347,94.7814843364735,138.73693289245665,93.81489415035233,142.6316369436181,94.03582804669975,83763800,16576400
2022/11/30,146.32864379882812,94.56977081298828,147.01071582680532,94.56977081298828,138.9346179969114,93.31780019268565,139.7748396315525,93.54794174754477,111380900,21581700
2022/12/1,146.60540771484375,97.59088134765625,147.4159903463265,97.6370150204364,144.92494955414173,95.1363418570191,146.50656610739853,95.1824825698836,71250400,53156800
2022/12/2,146.11117553710938,98.81813049316406,146.2989942268281,98.82736004248737,143.97599740675216,96.52969506682226,144.2824471593233,97.16640020854574,65447400,24479500
2022/12/5,144.94473266601562,97.43399810791016,149.18541949197922,97.80310265632713,144.09461635687657,96.79729997797668,146.07162962618466,97.6646875706603,68826400,20159700
2022/12/6,141.2675018310547,98.68896484,145.6070458162454,99.09498061476606,140.28887472844136,97.98767383573929,145.37969348940564,98.27372656163617,64727200,21754500
2022/12/7,139.3201446533203,101.01428985595703,141.72220883121116,101.20806813449782,138.3909458890047,99.84238359610389,140.55577809875786,99.99925776070786,69721100,30546700
2022/12/8,141.01046752929688,100.73748779296875,141.87047857115377,100.9958589030224,139.47829428917862,100.09156001783464,140.7238072376209,100.30379041248524,62128300,13377300
2022/12/9,140.52613830566406,98.1168441772461,143.89695030552423,99.81471524714756,139.28061001339165,98.0614739188215,140.70406229975006,99.60248488345174,76097000,25872200
2022/12/12,142.82933044433594,98.43059539794922,142.83921008074833,99.75936918734807,139.4387448115005,98.05226827407506,141.0598951045821,99.52867968447104,70462700,16897100
2022/12/13,143.79808044433594,99.38103485107422,148.24636089095367,100.65444541040182,142.58222134561697,99.15957489992005,147.7817615043003,100.6175342451953,93886200,23854700
2022/12/14,141.56405639648438,99.80550384521484,144.97440162134333,99.95314145724956,139.53761456960953,98.63359729929316,143.67946020964052,99.34412486746902,82291200,19517500
2022/12/15,134.93116760253906,100.19490814208984,140.17025624774567,100.93490290307668,134.46656823635524,100.04691342416031,139.48818419596876,100.25965715439271,98931900,20246200
2022/12/16,132.96401977539062,99.07567596435547,136.06792995299983,99.74166986996497,132.19298581991796,98.33568116765305,135.1189720463015,98.60392910502985,160156900,20838300
2022/12/19,130.8485870361328,97.41070556640625,133.64606195161758,97.90094919224924,129.81066738528204,97.10546419557957,133.55709999584363,97.89170437233426,79592600,26126800
2022/12/20,130.77944946289062,95.68096160888672,131.71852788327385,96.02320336998051,128.3971445130494,95.36646135972916,129.87990467683858,95.62545741367468,77432800,28869000
2022/12/21,133.8932342529297,95.92145538330078,135.23760401600552,96.56895258520909,131.2242690848365,95.2369647935013,131.45162141055363,96.4672031257251,85928000,15894100
2022/12/22,130.71022033691406,95.9029769897461,133.0134424692819,96.30997490534611,128.802409885042,95.62547712781615,132.80586453500828,95.8937251124512,77852100,11322500
2022/12/23,130.344482421875,94.49696350097656,130.89804371107982,95.09820123893802,128.14999653723166,94.36745843349298,129.41528379353238,94.88545753209044,63814900,15408900
2022/12/27,128.5355224609375,92.62850189208984,129.89966650674359,93.48874291019118,127.24058112280677,92.50825572764421,129.87001251300126,92.95224699414649,69007800,26475700
2022/12/28,124.59137725830078,92.08274841308594,129.52402325835672,93.22048205101726,124.42333294025542,91.89774619671823,128.17965363057965,93.10023590321296,85438400,17302900
2022/12/29,128.120361328125,93.12798309326172,128.98035737968635,93.41472770299715,126.26197134070489,92.30474264966855,126.51897766739482,92.36949166016085,75703700,16593000
2022/12/30,128.4366455078125,92.09200286865234,128.45641986166103,93.0077480570026,125.9653867378923,91.91625956610238,126.93412645040064,92.3787545697531,77034200,20810200
2023/1/3,123.63252258300781,93.84949493408203,129.39551044224086,94.66348368355852,122.74286511723291,93.27599853008519,128.7826411649236,94.5339856338035,112117500,25313200
2023/1/4,124.90770721435547,95.13522338867188,127.18127564102066,95.71797162543925,123.64241984503863,94.54323033270563,125.43161455867813,95.47747224110488,89113600,21678200
2023/1/5,123.5831069946289,95.5329818725586,126.30150047855705,95.54223375008073,123.32610067708713,94.14549664306067,125.66885678017948,94.22874942653026,80962700,14771100
2023/1/6,128.13023376464844,97.29045104980469,128.79253144434853,97.40145239329496,123.45460129199294,94.94097554094779,124.5617315121944,94.996472684136,87754700,27473700
2023/1/9,128.65415954589844,97.80844116210938,131.87670150653418,97.98419152135264,128.39715319682298,96.44870472549049,128.97048897560737,96.57820981874752,70790800,21472200
2023/1/10,129.2274627685547,96.1897201538086,129.7513700565325,96.95746364353238,126.64745995571087,95.73647697311634,128.76286346285156,96.68921566313077,63896200,20545200
2023/1/11,131.95578002929688,97.75293731689453,131.97553930551643,97.7899377614145,128.9606055895864,96.8464440689381,129.7415193359335,97.09619530516964,69458900,18794000
2023/1/12,131.87669372558594,99.67692565917969,132.71691544226815,99.72317092550684,129.9293341536629,96.71695338680638,132.3412931209229,97.8824427778021,71379600,32029600
2023/1/13,133.21115112304688,98.74268341064453,133.36931580754018,99.71392574244717,130.14678954891528,98.40043456692726,130.51253218381837,99.06642850220751,57809700,17750800
2023/1/17,134.3776092529297,98.10443878173828,135.7120843078782,98.65943843670715,132.58841445883436,97.72519654509757,133.2803661632613,97.74369324027678,63646600,13911700
2023/1/18,133.65599060058594,100.48165893554688,137.01690717262807,100.61115696811169,133.47805156045354,99.08492914758156,135.24748690824802,100.32441233273438,69672800,35497200
2023/1/19,133.71530151367188,99.85267639160156,134.68403382720132,100.24117758891363,132.23254150823482,99.38093653155322,132.53897616267878,99.99142631513342,58280400,17194700
2023/1/20,136.28541564941406,98.23391723632812,136.43370070636414,99.19590750748989,132.67737218152695,98.15067153894616,133.72518688361293,98.93691148392949,80223600,22754100
2023/1/23,139.48817443847656,97.77145385742188,141.67278077878365,98.23394892213459,136.31506144495467,97.5772067770963,136.5325341153351,97.65120768115784,81760300,12961500
2023/1/24,140.89186096191406,99.17741394042969,141.514625019409,99.39015765629402,138.6874952095744,97.48468080254561,138.69737484670043,98.15992650562555,66435100,16417200
2023/1/25,140.2295379638672,99.41791534423828,140.7929788466698,99.81566127466958,137.21459000886787,98.64092017583431,139.27068541615571,99.31616589293404,65799300,11906500
2023/1/26,142.305419921875,98.95545196533203,142.59208020551668,99.57519368849053,140.26908361074402,98.50220169874001,141.52449124388164,99.10344672354056,54105100,15549400
2023/1/27,144.25277709960938,98.7056884765625,145.53783884062292,98.93693599161126,141.43554202324185,98.15069585186828,141.51462437013356,98.22469675039127,70555800,11845500
2023/1/30,141.3564453,98.34494018554688,143.87714018615392,99.12193548422447,141.208175354279,98.22469402162314,143.29392490593287,98.47443822580749,64015300,11459700
2023/1/31,142.63160705566406,99.13117980957031,142.68103540109175,99.23292927742729,140.64471427014323,97.92869700498204,141.05988522159177,98.9554365027287,65874500,13705300
2023/2/1,143.75852966308594,100.32284545898438,144.9249754734958,100.70306332284845,139.69578139358237,98.69067295184414,142.31531825228282,99.73860514731919,77663600,25305800
2023/2/2,149.08657836914062,100.4526596069336,149.44242627870938,101.40784901852672,146.46702672863907,100.23936151805255,147.18863235095503,101.00907986778452,118339000,19548400
2023/2/3,152.72427368164062,98.95034790039062,155.571177590554,99.33057288789308,146.13093629775682,98.37538319282831,146.32863460622823,99.01526349883378,154357300,20619500
2023/2/6,149.98609924316406,98.21772766113281,151.34036351523568,98.58866987841718,149.0470210083263,98.00442951845197,150.8164562342184,98.06934511400365,69858300,15182400
2023/2/7,152.87255859375,97.429443359375,153.4458943027817,98.51447111787952,148.9086520667493,97.37380345006079,148.9086520667493,97.67983710182536,83322600,18290300
2023/2/8,150.17393493652344,97.89313507080078,152.80336635897712,97.9116864253982,149.43255491704016,96.80811431071999,152.11141469080906,97.41090598029889,64120100,13530700
2023/2/9,149.13601684570312,96.96578216552734,152.55625702775345,98.87616872809771,148.69119180013038,96.80813100061361,152.01257526831264,98.73706184570973,56007100,20469900
2023/2/10,149.50228881835938,95.88074493408203,149.82899586326752,96.85448587014861,147.73016708482578,95.63035824852508,147.96777632833437,96.81739023612744,57450700,16598300
2023/2/13,152.31396484375,96.68756103515625,152.71985991539307,96.83593649901138,149.41321016170093,96.05694939441699,149.44290943263957,96.17750490100357,62199000,13134300
2023/2/14,151.67044067382812,96.46497344970703,152.23475701699866,97.21614756502194,149.35380697400552,95.64889082688147,150.60122163396125,96.63190024474724,61707600,15440300
2023/2/15,153.77919006347656,95.56544494628906,153.94749097395436,96.40007196831132,151.35365383790918,95.05538881036976,151.58135329250317,96.02912976975428,65573800,15246900
2023/2/16,152.17535400390625,94.21147155761719,154.76919088525318,94.79571891698157,151.8189476677602,93.97036056274678,151.97733873436857,94.65661206592965,68167900,19267300
2023/2/17,151.02696228027344,94.9441146850586,151.47246651343528,94.9441146850586,149.34393789585803,93.63652698602604,150.8289620773623,93.75708250925689,59144100,19560900
2023/2/21,146.99755859375,93.09864807128906,149.7894107206676,93.84981530014252,146.92826533516197,92.99663683338679,148.70038717333577,93.67361985989558,58867200,22728000
2023/2/22,147.42324829101562,93.9518051147461,148.4528580195228,94.30421006542238,145.69072073635462,93.61795151687805,147.3836392015876,93.6550471472265,51011300,15165400
2023/2/23,147.9083709716797,94.86991119384766,148.83898834448985,95.13884214674619,145.7699480861059,94.10019274170791,148.591484366889,94.16510832952281,48394200,15829100
2023/2/24,145.24525451660156,93.63651275634766,145.72045796846467,94.40623124799613,144.26513323484133,93.25628781158078,145.64125487541327,94.07237761487796,55469600,21403600
2023/2/27,146.4431610107422,93.89617156982422,147.6806809778149,94.31348505780493,145.97785229460726,93.58086930339766,146.23526611588312,93.9332672026865,44998500,14209200
2023/2/28,145.93826293945312,94.32276153564453,147.59158785522064,94.33203721275598,145.36405184371336,92.99662271945034,145.58185657335414,93.26556075353376,50547000,14955700
2023/3/1,143.85922241210938,93.3094482421875,145.76005131760687,93.92301667866693,143.56221459109048,92.92828639659808,145.3640509605452,93.72779003557335,55479000,19000000
2023/3/2,144.45323181152344,92.48206329345703,145.24524759786468,92.64010290835091,142.46329007120497,91.92426473526142,142.93850860687647,92.09160288417944,52238100,23763600
2023/3/3,149.5220947265625,94.72251892089844,149.60129780845313,94.7318174540618,145.85903905116976,93.49537497333188,146.56194185497878,93.83005124018663,70732300,30877300
2023/3/6,152.2941436767578,93.98809814453125,154.7394840935164,95.14086810178117,151.92784263752011,93.88583554989503,152.2545345821982,95.02931406596217,87558000,16631900
2023/3/7,150.08641052246094,94.5644760131836,152.49214181283335,95.16875297901986,149.62110185942342,93.78356238693455,152.16543476603405,94.32276380830861,56182000,23096500
2023/3/8,151.34375,94.65743255615234,151.93776567756532,95.72653678127136,150.31413994619248,94.28556929184548,151.2843514535327,95.19663393476219,47204800,20252400
2023/3/9,149.0865020751953,94.88984680175781,152.99706215582498,95.30818854377434,148.73009571987657,94.20190436875436,152.02685072996366,94.40642952003422,53833600,21550400
2023/3/10,147.01736450195312,98.16224670410156,149.43300577006005,98.25521785805257,146.13625093512175,96.68409897996314,148.7102983763868,96.71198748906716,68572400,43921500
2023/3/13,148.9676971435547,98.3853759765625,151.6110378452132,101.42534426158412,146.2253488070177,97.6509477827497,146.33425116280637,100.58865346529714,84457100,51502500
2023/3/14,151.0665283203125,96.76775360107422,151.86843881288326,98.18083270651115,148.60139830336453,96.4516744099148,149.7696098588517,97.74389386591818,73695900,38417800
2023/3/15,151.46255493164062,98.6363754272461,151.71995365613,100.13312026159655,148.42319852737018,97.93913430910905,149.68052309089944,99.26854099139848,77167900,45164100
2023/3/16,154.29396057128906,97.86474609,154.89787078262094,100.43059502406051,150.12598761989352,97.6509294869672,150.64080003933415,99.8263180570309,76161100,43089300
2023/3/17,153.45249938964844,99.33358764648438,155.17513288563387,100.15168819308721,152.73968657106462,98.97102293794953,154.5217186175242,99.14765957282084,98944600,38129000
2023/3/20,155.82850646972656,98.45972442626953,156.24432646768744,99.43585752380542,152.6109545912959,98.28308777841461,153.5217825705538,99.36148345179264,73641400,24242800
2023/3/21,157.68972778320312,97.61373901367188,157.80852485445894,98.00419226747805,154.9770788401289,97.18609872245052,155.74930512262205,97.68811308850225,73938300,18934900
2023/3/22,156.2542266845703,98.91525268554688,160.5211932163919,98.96173116078432,156.23442213481738,97.09313048701571,157.70955140928402,97.29765563762565,75701800,26388500
2023/3/23,157.34323120117188,98.91525268554688,159.9370833205621,99.05470229666291,156.10571123599644,97.44639668816806,157.24423866782476,97.94841103256469,67622100,25475100
2023/3/24,158.65005493164062,99.33358764648438,158.73915274100096,99.87278898989054,156.27402271003157,98.785094864286,157.27393337455686,99.5567027534209,59196500,23652700
2023/3/27,156.69972229003906,97.00017547607422,159.1648674270664,98.3202906423615,156.29381212775743,96.99088403510328,158.34315238139064,97.66023660556938,52390300,22224500
2023/3/28,156.0760040283203,97.17680358886719,156.9076288835252,97.3162532108761,154.42267925169685,96.70267771111786,156.3928163743877,96.90720287770394,45992200,17794300
2023/3/29,159.16488647460938,96.98155975341797,159.4420897633789,97.102412288282,157.75906547972215,96.31220736066084,157.7788549243155,96.40517139461018,51305700,16804400
2023/3/30,160.73898315429688,97.42781066894531,160.8478855082498,97.66022433266636,159.65986944195512,96.93508774398688,159.9172681392784,97.11172439807957,49501700,14315800
2023/3/31,163.2536163330078,98.88737487792969,163.35262396586768,99.06400445125993,160.29347845168977,97.68811944093832,160.8181856716707,97.93912309393531,68749800,25396700
2023/4/3,164.51092529296875,99.3524398803711,164.62972235607688,99.8184457026155,162.58039748524962,98.51362797819425,162.62990129702547,98.68139035862961,56976200,18234800
2023/4/4,163.97633361816406,99.84638977050781,165.1742443629799,100.47084288172458,163.461521135219,98.56021645603398,164.93665022196166,98.58817566341854,46278300,18052400
2023/4/5,162.125,100.89026641845703,163.40212898364032,101.0021103821855,160.1845772758085,100.10738000441256,163.0952264685397,100.44289767422808,51511700,23047700
2023/4/6,163.01602172851562,101.15122985839844,163.31302951982073,101.46811753769866,160.3825758088242,101.02074878771158,160.80827539475462,101.04870800133233,45390100,16447300
2023/4/10,160.4122772216797,99.52021789550781,160.4122772216797,100.43359257929991,158.48174921205518,99.31517416379822,159.80836691031573,100.32174860454404,47716900,19134400
2023/4/11,159.194580078125,99.72525787353516,160.73900266239136,99.80913551843064,158.90746697083827,99.26857410417162,160.72910794044708,99.77186130560068,47644200,13971200
2023/4/12,158.50155639648438,99.62272644042969,160.441979159197,99.88368856928014,158.18474404786926,98.68139266648936,159.61036940374873,99.77185172016407,50133100,20563000
2023/4/13,163.90704345703125,98.83984375,164.14465273087802,100.08873601639665,159.80837789845614,98.6813963566859,160.01628790137767,99.77185545113838,68445600,22079400
2023/4/14,163.56053161621094,97.93578338623047,164.6594498569072,98.37382998824758,162.18441013519882,97.64685494684728,162.9467114928456,98.22470471492925,49386500,19801900
2023/4/17,163.580322265625,96.77076721191406,163.73872843453088,97.47909091610721,162.39230621171848,96.65892325882258,163.4417206444433,97.3206506489075,41516200,19528800
2023/4/18,164.8079833984375,97.11560821533203,165.7386009608918,97.47909217923396,163.9961629353784,96.74280925489832,164.44168227100437,96.75212425143009,49923000,15922600
2023/4/19,165.95639038085938,97.02241516113281,166.48109766330478,97.15289622841306,163.8872454167369,96.44457246623023,164.14465925023921,96.84533777592954,47720200,16093900
2023/4/20,164.98614501953125,97.85189819335938,166.19396563576217,98.12218241699546,163.90703130539762,97.62821739509256,164.43173852810273,97.70278003140962,52456400,16450100
2023/4/21,163.37242126464844,97.30204010009766,164.7881366917755,98.28997040129337,162.84771406794957,97.1808740068434,163.40212053189984,98.14085220049319,58337300,15244700
2023/4/24,163.67935180664062,98.24334716796875,163.94666036414364,98.31790269260676,162.25372630855222,97.71209372431066,163.3526447044582,97.82393767729408,41949600,17034300
2023/4/25,162.1349334716797,99.68798065185547,164.64956760321772,99.84642095030094,162.09532436989073,99.0542123473879,163.54075445626503,99.10081578137101,48714100,21899900
2023/4/26,162.125,98.62549591064453,163.6298284131595,99.94895106097835,161.1745931859106,98.48569270784898,161.43199188421733,99.52954856327797,45498800,19610400
2023/4/27,166.7285919189453,97.64685821533203,166.87708827078586,98.11286404402361,163.54073931024718,97.49774004770674,163.54073931024718,98.04762351243417,64902300,20247600
2023/4/28,167.98590087890625,99.22196960449219,168.15421688581486,99.50157597250605,166.2038842356674,98.66276397914977,166.80779457565893,98.98896666804241,55209200,26949000
2023/5/1,167.8968048095703,96.36093139648438,168.74821914844807,98.50062524886351,166.95629265889536,96.0899650523529,167.5899022757501,98.360469260019,52472900,32487300
2023/5/2,166.85726928710938,98.76226043701172,168.64921071415353,98.76226043701172,165.8672534099648,97.07106407529636,168.39179691797213,97.17384467360698,48425700,30057800
2023/5/3,165.7781524658203,99.31354522705078,169.21350870294293,99.60319577075661,165.49105451372273,98.36983564033567,167.80768799680482,99.04257882577095,65136000,23656200
2023/5/4,164.1347198486328,98.33245086669922,165.37223965151196,99.4630302845806,162.6695006318279,98.24836154083978,163.243711633137,98.31376672605175,81235400,25110500
2023/5/5,171.8370819091797,98.00540924072266,172.55978934902075,98.01475487386455,169.0551242996228,97.27660668550213,169.27292902501793,97.50085198050166,113316400,15090900
2023/5/8,171.7677764892578,96.63191986083984,172.11428813282294,97.05238792362367,170.3916548495959,96.538484889765,170.7579559365768,96.72535483191469,55962800,20587000
2023/5/9,170.05503845214844,96.28620910644531,171.80735575023974,96.83748042211565,169.8867375588741,96.23948805690692,171.32225761857964,96.70667003776569,45326900,19182500
2023/5/10,171.82716369628906,97.2205581665039,172.29247239543182,97.3980824445506,170.18373361448457,96.83746557917591,171.29256173687202,96.86549535315011,53724500,22886800
2023/5/11,172.01527404785156,98.24836730957031,172.84688383352895,98.59407739657624,170.4510470092042,97.84659054006889,172.11428168700377,98.38852332286261,49514700,19147200
2023/5/12,171.0833740234375,97.42613220214844,172.5605284867848,98.34181206869718,169.52689179090092,97.4074480585433,172.1243165202818,98.15494211811907,45497800,14195900
2023/5/15,170.58766174316406,96.4170150756836,171.71784028672823,96.6786358324034,169.99282456135643,96.35160988650364,171.6682680003546,96.60388500801747,37266700,20085300
2023/5/16,170.58766174316406,96.12735748291016,171.6484360603376,96.14604875333566,170.31998349861684,95.40790040141003,170.50834911043384,95.67886679353192,42110300,29251700
2023/5/17,171.20233154296875,95.84703826904297,171.4402543357864,96.38897097234678,168.9518826544196,95.63213146303286,170.23077817517168,96.3142201590711,57951600,21340900
2023/5/18,173.54200744628906,95.1369400024414,173.73037308197308,95.54806243412928,171.0932844370763,95.07153480909392,171.50966446616422,95.49199574795185,65496700,25536600
2023/5/19,173.6510467529297,94.46419525146484,174.87044639396197,95.17431385949611,173.43294078431077,94.30535508859627,174.87044639396197,94.61369690731618,55772400,29032300
2023/5/22,172.69931030273438,94.1278076171875,173.20492646986477,95.0341416476314,171.95577135327312,94.06240243605392,172.48120433403864,94.60433515323504,43570900,20131100
2023/5/23,170.08206176757812,94.3987808227539,171.88639029719062,94.60434201512074,169.80447509030535,93.69800791893819,171.6385439691014,93.83816392542745,50747300,21749500
2023/5/24,170.3596649169922,93.93160247802734,170.9346702690374,94.70712623210422,169.05104404436648,93.93160247802734,169.61612586083143,94.63237540863469,45143500,18473400
2023/5/25,171.49974060058594,93.69801330566406,172.4018896852921,94.18388653894243,170.21093674442764,93.46442232429628,170.92473533776644,94.0904444434905,56058300,22492800
2023/5/26,173.91873168945312,94.45484161376953,174.25581421879875,94.52959243536245,171.61872545109665,93.43638840193123,171.826923039006,93.5485146343206,54835000,17030300
2023/5/30,175.77261352539062,95.39854431152344,177.44805707235744,95.52935467564257,175.04890650518007,94.60433649262008,175.4355461600694,94.74449249092777,55964400,23125200
2023/5/31,175.72305297851562,96.23013305664062,177.80496826079084,96.40766447325251,175.23726871202743,95.18365008367947,175.80236562165695,95.29576918585067,99625300,23787000
2023/6/1,178.53858947753906,96.60771179199219,178.5683298287558,97.08549884610025,175.405808045758,96.14865139440452,176.1691790241155,96.75760366752252,68901800,21040400
2023/6/2,179.39117431640625,95.54904174804688,180.21402596420296,96.56083841639517,177.71573067078862,95.50220367766099,179.4704869589175,96.49525939979353,61945900,19122100
2023/6/5,178.032958984375,95.37104034423828,183.35669275593358,95.97062193343938,176.50621727974132,94.81829682282007,181.05668691999816,94.94945484873429,121946500,14433200
2023/6/6,177.66616821289062,95.93315124511719,178.56831734898336,95.99873026084589,175.90148844243106,94.98693360596606,178.41961560329207,95.408511971711,64848400,14332100
2023/6/7,176.2881622314453,94.50914764404297,179.6489581922576,95.96126373499908,175.79246952260962,94.41546434891808,176.90281634965245,95.71768144961257,61944600,25251100
2023/6/8,179.0144500732422,95.6146240234375,179.28211321134853,95.68957351570148,175.93124119908015,94.4342016843761,176.36743802214428,94.49978070321285,50214900,23845100
2023/6/9,179.40110778808594,95.48348236083984,180.66015634842165,95.81137751125641,179.0739487923587,94.94010917010485,179.93644924551378,95.18369148794781,48870700,22147400
2023/6/12,182.20669555664062,95.76451873779297,182.30584013644759,95.83946822671494,179.4109969086846,94.73398828163428,179.70841552076647,95.78325253623512,54274900,19010300
2023/6/13,181.7308349609375,94.81830596923828,182.5635949733869,95.8675774253438,180.86833459999627,94.59346463849317,181.2252339092373,95.66146989400369,54929100,25910800
2023/6/14,182.36532592773438,95.57715606689453,182.8015378873281,95.83010883436044,180.45195952819037,95.05252387893188,181.79032062893717,95.21178620062375,57462900,29094200
2023/6/15,184.40757751464844,96.49525451660156,184.91319370821412,97.08546563614843,182.19679249165128,96.12051423459464,182.37524971506843,96.52335878692622,65433200,25732000
2023/6/16,183.32696533203125,96.1205062866211,185.37914013584773,96.33598425392005,182.68257094685526,95.58650375187892,185.12137027990616,95.97061447475834,101235600,16758200
2023/6/20,183.41619873046875,96.78569030761719,184.4968202621219,97.11359257401136,182.82137659501507,96.5983237104584,182.82137659501507,96.5983237104584,49799100,17162900
2023/6/21,182.37522888183594,97.01988983154297,183.81273440294058,97.10420979288197,181.0170208650367,95.87693515003097,183.30711826713284,96.3172544598833,49515700,19720100
2023/6/22,185.38905334472656,95.84883117675781,185.43862563579464,96.72946979920023,182.0877384404729,95.74577741678787,182.15714267343606,96.30789143392445,51245300,23630700
2023/6/23,185.07179260253906,96.80441284179688,185.94421646985703,97.38525347104846,183.41618103785228,96.47651778535224,183.95153754819322,97.2728363931681,53079300,22896800
2023/6/26,183.6739501953125,96.90747833251953,186.42999999051133,97.24474390216315,183.63428631385352,96.64516225559161,185.2205087707664,97.07611111734134,48088700,12894900
2023/6/27,186.43994140625,96.65452575683594,186.7671004131867,97.38526544319704,184.0705308354124,96.270422114231,184.28863684003687,97.0479998729416,50730800,18105700
2023/6/28,187.6196746826172,97.0667495727539,188.26406909954764,97.28222044966081,185.9838949305078,96.33600982049973,186.31103877905792,96.87938297130636,51216800,23826800
2023/6/29,187.9567413330078,95.3148422241211,188.43261718372244,95.87694917415408,187.31234691859044,95.04315565,187.45114025988062,95.71768684870064,46347300,41091600
2023/6/30,192.29901123046875,96.43904876708984,192.8046122965116,96.55146585164204,189.61235036422667,95.43662259356552,189.9791732182635,95.61461869329868,85069600,32018800
2023/7/3,190.80203247070312,95.89232635498047,192.20979786240994,97.00079983003157,190.1080506189076,95.8735346603399,192.11065327577057,96.60625307882711,31458200,16011800
2023/7/5,189.6817626953125,94.98112487792969,191.31754248795588,95.81717613556192,188.97787243386384,94.6335501883229,189.91970062749374,95.71384331343373,46920300,28170300
2023/7/6,190.15762329101562,93.6378173828125,190.365820872437,94.29538345632128,187.57010689891024,93.44054756075987,188.204592923582,94.1262940135715,45094300,41375700
2023/7/7,189.037353515625,93.07417297363281,191.01021583133178,93.5626495239764,188.60115666342472,92.98962468271033,189.76107572138073,93.16810994482218,46778000,28979600
2023/7/10,186.9851837158203,93.19630432128906,188.3533002828443,93.49690697441645,185.42870151973196,92.85812544065419,187.62957811566648,92.8675212892642,59922200,24665200
2023/7/11,186.45974731445312,93.6753921508789,187.66923857945199,93.91023819731936,184.9925013196807,93.271456664324,187.53044524382943,93.53448308962811,46638100,20491100
2023/7/12,188.13519287109375,94.71809387207031,190.04855924155865,94.99051610197297,186.84638895388292,93.72234192247714,188.0459566971953,94.03234037377307,60750200,31928000
2023/7/13,188.89854431152344,95.71383666992188,189.54295381895912,95.78898911114999,188.1450969456968,94.90596584404781,188.85889555641208,95.16899222141495,41342300,32441500
2023/7/14,189.0472869873047,95.15022277832031,189.53305615859267,95.76082391796493,187.99642086899894,95.10325070337365,188.59124304090398,95.55415825529145,41573900,18566200
2023/7/17,192.31881713867188,95.19718170166016,192.64597606441495,95.33809075070934,190.15758957303703,94.80264209786799,190.24681060896586,95.0938560437515,50520200,18822000
2023/7/18,192.06106567382812,95.62931060791016,192.65590289157154,95.8829411783313,190.76235338000512,95.41324909708798,191.68434955477355,95.62931060791016,48353800,15412800
2023/7/19,193.41928100585938,96.70958709716797,196.52230675519328,96.73777463947819,190.99037488225764,95.56354455249493,191.4365103758755,95.81717509783337,80507300,27192500
2023/7/20,191.4662628173828,95.53536987304688,194.77748634801802,96.10839480600119,190.84168518874347,95.14083023076337,193.40936968617578,96.023853668483,59581200,56951200
2023/7/21,190.2864990234375,95.56353759765625,193.29039530573385,96.1459510915773,189.58260879656223,95.46959346398923,192.42789492586837,95.9674730048585,71917800,20655700
2023/7/24,191.0895233154297,95.21598052978516,193.230919269526,95.95809488789895,190.5938306479448,95.15961977271633,191.7438412670713,95.8077899798054,45377800,17546700
2023/7/25,191.9520263671875,95.0374755859375,192.7649696142135,95.34747401956207,191.25805964859208,94.68990809999266,191.66453127210508,94.71808847269835,37283200,17160600
2023/7/26,192.82444763183594,95.13140869140625,193.95462630849192,95.52595539407334,191.6546201978147,94.81202159112368,192.0015959886147,95.51655954790893,47471900,19310700
2023/7/27,191.55548095703125,93.28083801269531,195.50119046422063,94.81203141737194,190.89125457942112,92.91447881055225,194.33136299756583,94.60536578192068,47460200,44794400
2023/7/28,194.1429901123047,93.75994110107422,194.9361013981904,93.80691318104982,192.46754649179775,93.1399512136087,192.99297950413737,93.37479727962035,48291400,27434000
2023/7/31,194.7576446533203,93.9853744506836,194.7973085377491,94.24840083064619,193.57789369266726,93.58143903376065,194.37100498050742,93.60961940776644,38824100,28663800
2023/8/1,193.9248809814453,92.44523620605469,195.0352276872512,93.17997404833085,193.59772201405482,92.21916468228144,194.54945856713078,93.10461447817838,35175100,34943400
2023/8/2,190.9209747314453,91.45619201660156,193.49856732490423,91.59748946094199,190.19726772902345,90.81565701740656,193.35977399392826,91.40909765961246,50389300,38121300
2023/8/3,189.5231170654297,89.34616088867188,190.71277634396813,89.78888946387866,189.047256379482,89.05415148233783,189.91968024316816,89.6664355291837,61235200,59394800
2023/8/4,180.42221069335938,90.92866516113281,185.7657766923876,91.06996256808178,180.3528064633521,89.60990134075016,183.92179948550063,89.6287448279085,115799700,42053300
2023/8/7,177.3092803955078,90.0337905883789,181.5524085909385,90.61780931067757,175.82220233279125,89.95843101560345,180.56102321579414,90.53303518131851,97576100,35862900
2023/8/8,178.2510986328125,91.07939910888672,178.71705098279648,91.71994122932779,176.05022182613857,90.84390578794054,178.14204563329835,91.23953284232553,67823000,24010500
2023/8/9,176.65496826171875,91.55038452148438,179.37135459798415,91.64458041126086,175.48512561412892,91.22068812723806,179.3118738938821,91.2583679204858,60378500,20151100
2023/8/10,176.43682861328125,90.04319763183594,179.19287831156532,91.71049390362394,176.07002092304583,90.04319763183594,177.93381484794008,91.40906282435773,54686900,37253200
2023/8/11,176.49639892578125,89.83599090576172,177.32036168980022,90.30697752796237,175.26543082107975,89.67584999233249,176.02983256684112,89.77005306612104,51988100,26747800
2023/8/14,178.15426635742188,89.63817596435547,178.38258864969947,90.36349218889269,176.01990054114177,89.39326091242577,176.6751020557822,89.68527031381687,43675600,19072000
2023/8/15,176.15887451171875,89.09184265136719,178.174103062697,89.67586153861306,175.76179096239193,89.07299915950907,177.57847773870674,89.2990779416879,43622600,24125000
2023/8/16,175.2852783203125,88.39476776123047,177.2409306015471,89.28964667522715,175.21578037161723,88.28173556887958,175.84120131881224,88.80923829767885,46964900,23076700
2023/8/17,172.73399353027344,88.01797485351562,176.218449670705,88.17810856679067,172.21777275650916,87.62234066226237,175.85114660071363,88.07449094368684,66062900,32244900
2023/8/18,173.22042846679688,88.32881927490234,173.82599075554495,88.72445346050637,170.70883778094841,87.88609793040789,171.04636032936088,88.00855185292531,61114200,24176000
2023/8/21,174.56060791015625,87.15136719,174.8485063914746,87.3774459555576,172.47589631953025,86.87820125279755,173.79622123414413,87.28325006220994,46311900,29254100
2023/8/22,175.9404754638672,87.82017517089844,176.38719824747957,87.86726952455706,174.96761015656983,87.09485169503233,175.77171419662545,87.26440717891269,42084200,21323100
2023/8/23,179.80218505859375,89.9961166381836,180.2290643006026,90.00553838206262,177.032491470534,88.76213409737143,177.2211114741355,88.82807193115487,52722800,38294700
2023/8/24,175.09666442871094,89.4026870727539,179.78232293288016,90.00554939444547,174.72934624726201,89.3838435826903,179.35544373491686,89.6099151566532,54945800,22300800
2023/8/25,177.31045532226562,89.69469451904297,177.84651968096887,89.96786762548074,174.54076169805765,89.02589437018591,176.08940889849805,89.16719179581726,51449600,23865200
2023/8/28,178.87896728515625,89.78890228271484,179.27605088665493,90.10917696895113,177.25090028258217,89.38385344189889,178.77968881089737,90.09975522288009,43820700,16037300
2023/8/29,182.7803497314453,90.721435546875,183.55467328918405,90.90983449671519,178.19396940518234,89.43093687722397,178.39251118833664,89.45919492302873,53003900,28478100
2023/8/30,186.28466796875,90.62724304199219,186.48322490340712,90.80622025433763,183.39585240180426,90.3163901531876,183.59439418869403,90.58014869279127,60813900,17550100
2023/8/31,186.5030517578125,91.03230285644531,187.7439567493299,91.41851537483436,186.1158900063697,90.83448931776539,186.47327124983738,90.93810695993386,60794500,26959700
2023/9/1,188.08151245117188,89.61415100097656,188.53815704908098,90.53060684980758,186.91009015003394,89.39685134690342,188.11129296200212,90.51171404833057,45732600,32466900
2023/9/5,188.31976318359375,88.35755157470703,188.59772472633045,89.08505044830495,186.24497340110617,88.32920877333784,186.91009674606673,89.07560044510174,45280000,29435900
2023/9/6,181.5791778564453,88.57487487792969,187.47596172928527,88.91500297412028,180.14965265723944,88.30088239998494,187.02922374370715,88.8961029641976,81755800,23636300
2023/9/7,176.26809692382812,88.8205337524414,176.9133767073295,88.87721937159944,172.27734161590178,88.50874843058719,173.90540860928058,88.8110837465009,112488800,18091500
2023/9/8,176.88357543945312,89.16064453,178.9285998393183,89.66138662500391,176.4964136407334,88.97168049042892,177.05235186894313,89.17008732711022,65551300,17052100
2023/9/11,178.05499267578125,88.51819610595703,178.98815574028976,88.79218860507785,176.04968578063105,88.38592485924248,178.75983344187836,88.52763890340641,58953100,17061500
2023/9/12,175.0172576904297,89.02836608886719,178.81939272059032,89.03780888396183,173.5480302988034,88.41424562041013,178.18404991763566,88.70713084963589,90370200,20034300
2023/9/13,172.9424591064453,89.00947570800781,176.00997270905043,89.3118109732644,172.71412167424248,88.6410048287339,175.22571224634177,88.73548324758133,84267900,23332300
2023/9/14,174.46131896972656,88.36700439453125,174.8187002110415,89.00946767625912,172.31703152183695,88.24418318193645,172.7339737787434,88.75437524756512,60895800,27800600
2023/9/15,173.73663330078125,87.82847595214844,175.2157976120051,88.3197752549523,172.55530438661506,87.82847595214844,175.1959388893145,88.30087524656075,109205100,25636800
2023/9/18,176.6750946044922,88.32923889160156,178.0748391046168,88.36703170906046,174.88818834345716,87.69622541771164,175.1959303652364,87.72456822874508,67257600,17963400
2023/9/19,177.76712036132812,87.67729949951172,178.3230434602776,88.27251993114241,175.84123309156146,87.67729949951172,176.22839490317045,87.9418419135698,51826900,24941800
2023/9/20,174.21315002441406,87.95128631591797,178.3925098170354,88.43313555504054,174.1237933470795,87.9040507172528,177.95570880879336,88.14025033529951,58436200,29451200
2023/9/21,172.66448974609375,85.6932373046875,175.01725608596104,86.32625789790116,172.59500693822505,85.68379450783135,173.27998896827123,86.25067227360073,63047900,59920500
2023/9/22,173.5182342529297,86.38294219970703,175.79158086544706,86.55300624767848,172.7836281326413,85.66489319624515,173.39911221131908,85.79716443264053,56725400,29524500
2023/9/25,174.7988739013672,84.25714874267578,175.68239780791916,85.06967620508013,172.88290837390605,84.22880593486387,172.93254761202513,84.71065529239252,46172700,45587900
2023/9/26,170.70884704589844,83.96424865722656,173.92526351342306,84.67284756064386,170.4110267791137,83.81307743120863,173.54803864674588,84.49333353180775,64588900,38104100
2023/9/27,169.18995666503906,83.52965545654297,171.78096710415326,84.67286100390402,167.8200077433672,83.22731295650507,171.36402481079512,84.59727537889454,66921800,47111200
2023/9/28,169.4480743408203,83.78474426269531,170.77832096236608,83.8319870783185,166.40040416763804,82.2919606711984,168.1078907839796,82.7832600040098,56294400,60238000
2023/9/29,169.9642791748047,83.79419708251953,171.81074638236362,84.55003170019145,169.10059901226265,83.26510492108312,170.7683831744606,84.34217483765306,51814200,48989800
